,epsilons,values,IDs,srcNode,dstNode,reqDR,provDR,linSNR,toa,tod,block,Action ID,Path ID,FS ID,Slots,Path length,configID,carry,rset lengths
0,,,,3.0,12.0,0.0,,,0.0,22.6782428911883,0.0,0.0,0.0,0.0,,,,,0.0
1,,,,3.0,12.0,0.0,,,0.0,4.772128401328153,0.0,6.0,2.0,0.0,,,,,0.0
2,,,,12.0,3.0,0.0,,,0.0,11.36284523198603,0.0,8.0,2.0,2.0,,,,,0.0
3,,,,10.0,1.0,0.0,,,0.0,1.6604689718397947,0.0,6.0,2.0,0.0,,,,,0.0
4,,,,10.0,1.0,0.0,,,0.0,2.765314664734684,0.0,6.0,2.0,0.0,,,,,0.0
5,,,,12.0,3.0,0.0,,,0.0,0.48421980082606725,0.0,3.0,1.0,0.0,,,,,0.0
6,,,,12.0,3.0,0.0,,,0.0,10.939093470765735,0.0,7.0,2.0,1.0,,,,,0.0
7,,,,10.0,1.0,0.0,,,0.0,3.7619773260141653,0.0,6.0,2.0,0.0,,,,,0.0
8,,,,3.0,12.0,0.0,,,0.0,13.517060119495715,0.0,7.0,2.0,1.0,,,,,0.0
9,,,,3.0,12.0,0.0,,,0.0,8.148452738085426,0.0,6.0,2.0,0.0,,,,,0.0
10,,,,1.0,10.0,0.0,,,0.0,13.749241931447337,0.0,6.0,2.0,0.0,,,,,0.0
11,,,,12.0,3.0,0.0,,,0.0,15.756505983020626,0.0,3.0,1.0,0.0,,,,,0.0
12,,,,10.0,1.0,0.0,,,0.0,14.012443270887836,0.0,6.0,2.0,0.0,,,,,0.0
13,,,,3.0,12.0,0.0,,,0.0,4.277651113233164,0.0,6.0,2.0,0.0,,,,,0.0
14,,,,12.0,3.0,0.0,,,0.0,3.241110874199956,0.0,3.0,1.0,0.0,,,,,0.0
15,,,,12.0,3.0,0.0,,,0.0,17.959468122620375,0.0,3.0,1.0,0.0,,,,,0.0
16,,,,10.0,1.0,0.0,,,0.0,2.3763797900083907,0.0,6.0,2.0,0.0,,,,,0.0
17,,,,1.0,10.0,0.0,,,0.0,9.550849672143997,0.0,8.0,2.0,2.0,,,,,0.0
18,,,,3.0,12.0,0.0,,,0.0,7.011060258568888,0.0,6.0,2.0,0.0,,,,,0.0
19,,,,10.0,1.0,0.0,,,0.0,5.003834027180672,0.0,6.0,2.0,0.0,,,,,0.0
20,,,,3.0,12.0,0.0,,,0.0,0.5596556090957169,0.0,6.0,2.0,0.0,,,,,0.0
21,,,,10.0,1.0,0.0,,,0.0,0.48276412582012834,0.0,6.0,2.0,0.0,,,,,0.0
22,,,,12.0,3.0,0.0,,,0.0,16.81790042843011,0.0,7.0,2.0,1.0,,,,,0.0
23,,,,10.0,1.0,0.0,,,0.0,4.4758094510417035,0.0,6.0,2.0,0.0,,,,,0.0
24,,,,11.0,1.0,0.0,,,0.0,25.007571839475993,0.0,1.0,0.0,1.0,,,,,0.0
25,,,,1.0,11.0,0.0,,,0.0,17.632374738930537,0.0,5.0,1.0,2.0,,,,,0.0
26,,,,13.0,3.0,0.0,,,0.0,0.9855189036369237,0.0,8.0,2.0,2.0,,,,,0.0
27,,,,1.0,11.0,0.0,,,0.0,20.976114286501936,0.0,6.0,2.0,0.0,,,,,0.0
28,,,,13.0,3.0,0.0,,,0.0,18.710609394259574,0.0,6.0,2.0,0.0,,,,,0.0
29,,,,3.0,13.0,0.0,,,0.0,9.459345227119467,0.0,2.0,0.0,2.0,,,,,0.0
30,,,,11.0,1.0,0.0,,,0.0,27.543236566094645,0.0,6.0,2.0,0.0,,,,,0.0
31,,,,3.0,13.0,0.0,,,0.0,24.974317574840306,0.0,2.0,0.0,2.0,,,,,0.0
32,,,,3.0,13.0,0.0,,,0.0,5.405693711972642,0.0,7.0,2.0,1.0,,,,,0.0
33,,,,3.0,13.0,0.0,,,0.0,1.1202811981811687,0.0,3.0,1.0,0.0,,,,,0.0
34,,,,1.0,11.0,0.0,,,0.0,6.167664583385243,0.0,0.0,0.0,0.0,,,,,0.0
35,,,,1.0,11.0,0.0,,,0.0,26.478818365495282,0.0,5.0,1.0,2.0,,,,,0.0
36,,,,13.0,3.0,0.0,,,0.0,16.25405484143152,0.0,6.0,2.0,0.0,,,,,0.0
37,,,,3.0,13.0,0.0,,,0.0,0.06629663620200882,0.0,3.0,1.0,0.0,,,,,0.0
38,,,,13.0,3.0,0.0,,,0.0,0.4487964560036074,0.0,6.0,2.0,0.0,,,,,0.0
39,,,,11.0,1.0,0.0,,,0.0,12.997074928376659,0.0,6.0,2.0,0.0,,,,,0.0
40,,,,11.0,1.0,0.0,,,0.0,2.0236579406755695,0.0,5.0,1.0,2.0,,,,,0.0
41,,,,13.0,3.0,0.0,,,0.0,5.439750654165038,0.0,6.0,2.0,0.0,,,,,0.0
42,,,,3.0,13.0,0.0,,,0.0,6.038872783547078,0.0,3.0,1.0,0.0,,,,,0.0
43,,,,11.0,1.0,0.0,,,0.0,11.43437768263772,0.0,6.0,2.0,0.0,,,,,0.0
44,,,,13.0,3.0,0.0,,,0.0,25.700326838864182,0.0,6.0,2.0,0.0,,,,,0.0
45,,,,1.0,11.0,0.0,,,0.0,3.1368378873126037,0.0,2.0,0.0,2.0,,,,,0.0
46,,,,3.0,13.0,0.0,,,0.0,7.265867689764965,0.0,2.0,0.0,2.0,,,,,0.0
47,,,,13.0,3.0,0.0,,,0.0,8.932107561579246,0.0,6.0,2.0,0.0,,,,,0.0
48,,,,2.0,14.0,0.0,,,0.0,4.7892779229081945,0.0,4.0,1.0,1.0,,,,,0.0
49,,,,14.0,2.0,0.0,,,0.0,24.797148354998228,0.0,3.0,1.0,0.0,,,,,0.0
50,,,,3.0,14.0,0.0,,,0.0,4.595445404419798,0.0,2.0,0.0,2.0,,,,,0.0
51,,,,9.0,3.0,0.0,,,0.0,27.001858198823157,0.0,5.0,1.0,2.0,,,,,0.0
52,,,,2.0,14.0,0.0,,,0.0,14.373990028022607,0.0,3.0,1.0,0.0,,,,,0.0
53,,,,1.0,14.0,0.0,,,0.0,0.7355869018435722,0.0,6.0,2.0,0.0,,,,,0.0
54,,,,9.0,3.0,0.0,,,0.0,6.43901268366197,0.0,6.0,2.0,0.0,,,,,0.0
55,,,,9.0,3.0,0.0,,,0.0,11.026722700714657,0.0,0.0,0.0,0.0,,,,,0.0
56,,,,2.0,14.0,0.0,,,0.0,0.36961300387403406,0.0,6.0,2.0,0.0,,,,,0.0
57,,,,1.0,14.0,0.0,,,0.0,16.5328858319694,0.0,3.0,1.0,0.0,,,,,0.0
58,,,,14.0,3.0,0.0,,,0.0,14.800976145558371,0.0,3.0,1.0,0.0,,,,,0.0
59,,,,3.0,14.0,0.0,,,0.0,27.27129009108359,0.0,2.0,0.0,2.0,,,,,0.0
60,,,,3.0,9.0,0.0,,,0.0,22.12772817260535,0.0,5.0,1.0,2.0,,,,,0.0
61,,,,2.0,14.0,0.0,,,0.0,22.832188883293057,0.0,0.0,0.0,0.0,,,,,0.0
62,,,,14.0,1.0,0.0,,,0.0,9.986869052592368,0.0,3.0,1.0,0.0,,,,,0.0
63,,,,1.0,14.0,0.0,,,0.0,3.871191545729574,0.0,5.0,1.0,2.0,,,,,0.0
64,,,,14.0,2.0,0.0,,,0.0,0.8890678844166593,0.0,0.0,0.0,0.0,,,,,0.0
65,,,,3.0,9.0,0.0,,,0.0,5.642097671624811,0.0,3.0,1.0,0.0,,,,,0.0
66,,,,9.0,3.0,0.0,,,0.0,4.3978610755605025,0.0,2.0,0.0,2.0,,,,,0.0
67,,,,14.0,3.0,0.0,,,0.0,2.593660620569491,0.0,2.0,0.0,2.0,,,,,0.0
68,,,,14.0,2.0,0.0,,,0.0,1.141108356391952,0.0,3.0,1.0,0.0,,,,,0.0
69,,,,9.0,3.0,0.0,,,0.0,24.72184848050015,0.0,3.0,1.0,0.0,,,,,0.0
70,,,,3.0,14.0,0.0,,,0.0,5.808517223159927,0.0,5.0,1.0,2.0,,,,,0.0
71,,,,9.0,3.0,0.0,,,0.0,17.225844557803605,0.0,3.0,1.0,0.0,,,,,0.0
72,,,,14.0,1.0,0.0,,,0.0,0.12603005489427008,0.0,0.0,0.0,0.0,,,,,0.0
73,,,,14.0,2.0,0.0,,,0.0,21.820198923824705,0.0,0.0,0.0,0.0,,,,,0.0
74,,,,9.0,3.0,0.0,,,0.0,4.889552672669724,0.0,5.0,1.0,2.0,,,,,0.0
75,,,,1.0,14.0,0.0,,,0.0,26.677868592955132,0.0,6.0,2.0,0.0,,,,,0.0
76,,,,9.0,3.0,0.0,,,0.0,8.871896006865972,0.0,6.0,2.0,0.0,,,,,0.0
77,,,,14.0,3.0,0.0,,,0.0,9.883039864848088,0.0,1.0,0.0,1.0,,,,,0.0
78,,,,9.0,3.0,0.0,,,0.0,27.742160638712363,0.0,6.0,2.0,0.0,,,,,0.0
79,,,,3.0,14.0,0.0,,,0.0,4.665427471994574,0.0,2.0,0.0,2.0,,,,,0.0
80,,,,14.0,3.0,0.0,,,0.0,14.432141374846427,0.0,3.0,1.0,0.0,,,,,0.0
81,,,,2.0,14.0,0.0,,,0.0,25.07982648588937,0.0,6.0,2.0,0.0,,,,,0.0
82,,,,3.0,9.0,0.0,,,0.0,25.599954518828152,0.0,3.0,1.0,0.0,,,,,0.0
83,,,,1.0,14.0,0.0,,,0.0,19.548343839016056,0.0,6.0,2.0,0.0,,,,,0.0
84,,,,3.0,14.0,0.0,,,0.0,6.490250030024686,0.0,0.0,0.0,0.0,,,,,0.0
85,,,,2.0,14.0,0.0,,,0.0,1.8353588953525661,0.0,8.0,2.0,2.0,,,,,0.0
86,,,,2.0,14.0,0.0,,,0.0,22.86277199538155,0.0,6.0,2.0,0.0,,,,,0.0
87,,,,14.0,2.0,0.0,,,0.0,8.29157471693998,0.0,3.0,1.0,0.0,,,,,0.0
88,,,,1.0,14.0,0.0,,,0.0,1.8654827084040069,0.0,2.0,0.0,2.0,,,,,0.0
89,,,,3.0,14.0,0.0,,,0.0,16.540548656167744,0.0,2.0,0.0,2.0,,,,,0.0
90,,,,3.0,9.0,0.0,,,0.0,1.250832400708289,0.0,3.0,1.0,0.0,,,,,0.0
91,,,,1.0,14.0,0.0,,,0.0,10.734845940305622,0.0,1.0,0.0,1.0,,,,,0.0
92,,,,14.0,2.0,0.0,,,0.0,16.568477126710004,0.0,6.0,2.0,0.0,,,,,0.0
93,,,,14.0,1.0,0.0,,,0.0,0.5353729899876075,0.0,4.0,1.0,1.0,,,,,0.0
94,,,,2.0,14.0,0.0,,,0.0,5.119567923563421,0.0,3.0,1.0,0.0,,,,,0.0
95,,,,3.0,14.0,0.0,,,0.0,4.505039411881588,0.0,4.0,1.0,1.0,,,,,0.0
96,,,,1.0,14.0,0.0,,,0.0,23.53737160183798,0.0,1.0,0.0,1.0,,,,,0.0
97,,,,2.0,14.0,0.0,,,0.0,18.59564821426873,0.0,0.0,0.0,0.0,,,,,0.0
98,,,,1.0,12.0,0.0,,,0.0,0.4053699550621739,0.0,6.0,2.0,0.0,,,,,0.0
99,,,,12.0,1.0,0.0,,,0.0,15.929298075065645,0.0,3.0,1.0,0.0,,,,,0.0
100,,,,9.0,2.0,0.0,,,0.0,0.23283841170479203,0.0,1.0,0.0,1.0,,,,,0.0
101,,,,9.0,2.0,0.0,,,0.0,8.188766682408595,0.0,3.0,1.0,0.0,,,,,0.0
102,,,,13.0,2.0,0.0,,,0.0,3.7852281884166166,0.0,2.0,0.0,2.0,,,,,0.0
103,,,,13.0,1.0,0.0,,,0.0,10.68434415531764,0.0,3.0,1.0,0.0,,,,,0.0
104,,,,1.0,13.0,0.0,,,0.0,6.233655826199338,0.0,2.0,0.0,2.0,,,,,0.0
105,,,,13.0,1.0,0.0,,,0.0,9.713091232847013,0.0,6.0,2.0,0.0,,,,,0.0
106,,,,13.0,1.0,0.0,,,0.0,3.779701509161552,0.0,2.0,0.0,2.0,,,,,0.0
107,,,,13.0,1.0,0.0,,,0.0,0.9455950066280551,0.0,6.0,2.0,0.0,,,,,0.0
108,,,,9.0,2.0,0.0,,,0.0,1.1917713474982228,0.0,3.0,1.0,0.0,,,,,0.0
109,,,,2.0,13.0,0.0,,,0.0,10.493396226899819,0.0,6.0,2.0,0.0,,,,,0.0
110,,,,9.0,2.0,0.0,,,0.0,14.487093667208734,0.0,3.0,1.0,0.0,,,,,0.0
111,,,,2.0,9.0,0.0,,,0.0,16.155978423395098,0.0,3.0,1.0,0.0,,,,,0.0
112,,,,1.0,12.0,0.0,,,0.0,1.708176935948995,0.0,6.0,2.0,0.0,,,,,0.0
113,,,,12.0,1.0,0.0,,,0.0,5.977207509136607,0.0,7.0,2.0,1.0,,,,,0.0
114,,,,2.0,9.0,0.0,,,0.0,6.795115548017674,0.0,5.0,1.0,2.0,,,,,0.0
115,,,,12.0,1.0,0.0,,,0.0,14.093697080484052,0.0,3.0,1.0,0.0,,,,,0.0
116,,,,2.0,13.0,0.0,,,0.0,0.6565697666032502,0.0,3.0,1.0,0.0,,,,,0.0
117,,,,12.0,1.0,0.0,,,0.0,0.2777271292516009,0.0,6.0,2.0,0.0,,,,,0.0
118,,,,12.0,1.0,0.0,,,0.0,18.78790440883694,0.0,3.0,1.0,0.0,,,,,0.0
119,,,,2.0,9.0,0.0,,,0.0,0.7918277591769363,0.0,2.0,0.0,2.0,,,,,0.0
120,,,,9.0,2.0,0.0,,,0.0,8.181025053868593,0.0,5.0,1.0,2.0,,,,,0.0
121,,,,12.0,1.0,0.0,,,0.0,8.629448703861934,0.0,3.0,1.0,0.0,,,,,0.0
122,,,,13.0,1.0,0.0,,,0.0,0.34419490605949876,0.0,6.0,2.0,0.0,,,,,0.0
123,,,,12.0,1.0,0.0,,,0.0,2.8612640301803376,0.0,8.0,2.0,2.0,,,,,0.0
124,,,,2.0,9.0,0.0,,,0.0,16.750993667664428,0.0,3.0,1.0,0.0,,,,,0.0
125,,,,9.0,2.0,0.0,,,0.0,20.970678120775386,0.0,3.0,1.0,0.0,,,,,0.0
126,,,,2.0,13.0,0.0,,,0.0,9.252417010493817,0.0,6.0,2.0,0.0,,,,,0.0
127,,,,2.0,9.0,0.0,,,0.0,12.635201256603272,0.0,1.0,0.0,1.0,,,,,0.0
128,,,,1.0,12.0,0.0,,,0.0,5.821058200054187,0.0,3.0,1.0,0.0,,,,,0.0
129,,,,13.0,2.0,0.0,,,0.0,7.836548556936513,0.0,2.0,0.0,2.0,,,,,0.0
130,,,,12.0,2.0,0.0,,,0.0,5.1864812450212305,0.0,3.0,1.0,0.0,,,,,0.0
131,,,,11.0,3.0,0.0,,,0.0,26.451667009165877,0.0,6.0,2.0,0.0,,,,,0.0
132,,,,11.0,3.0,0.0,,,0.0,1.4383812571255767,0.0,1.0,0.0,1.0,,,,,0.0
133,,,,1.0,6.0,0.0,,,0.0,2.6348040655142744,0.0,5.0,1.0,2.0,,,,,0.0
134,,,,8.0,3.0,0.0,,,0.0,16.765829860708333,0.0,6.0,2.0,0.0,,,,,0.0
135,,,,2.0,12.0,0.0,,,0.0,6.8559981550665485,0.0,6.0,2.0,0.0,,,,,0.0
136,,,,2.0,12.0,0.0,,,0.0,4.436668487574318,0.0,7.0,2.0,1.0,,,,,0.0
137,,,,1.0,6.0,0.0,,,0.0,8.14112512386281,0.0,7.0,2.0,1.0,,,,,0.0
138,,,,1.0,6.0,0.0,,,0.0,0.5792464553718542,0.0,5.0,1.0,2.0,,,,,0.0
139,,,,1.0,6.0,0.0,,,0.0,0.22117120755709282,0.0,2.0,0.0,2.0,,,,,0.0
140,,,,6.0,1.0,0.0,,,0.0,1.172054995651515,0.0,3.0,1.0,0.0,,,,,0.0
141,,,,6.0,1.0,0.0,,,0.0,6.393361521187325,0.0,0.0,0.0,0.0,,,,,0.0
142,,,,11.0,3.0,0.0,,,0.0,5.859126449066402,0.0,7.0,2.0,1.0,,,,,0.0
143,,,,3.0,11.0,0.0,,,0.0,22.351599409144455,0.0,2.0,0.0,2.0,,,,,0.0
144,,,,1.0,6.0,0.0,,,0.0,17.01877432467258,0.0,6.0,2.0,0.0,,,,,0.0
145,,,,8.0,3.0,0.0,,,0.0,0.44099464398829585,0.0,4.0,1.0,1.0,,,,,0.0
146,,,,8.0,3.0,0.0,,,0.0,2.2887018826212393,0.0,3.0,1.0,0.0,,,,,0.0
147,,,,3.0,8.0,0.0,,,0.0,5.221316239390682,0.0,5.0,1.0,2.0,,,,,0.0
148,,,,1.0,6.0,0.0,,,0.0,3.4377391758516023,0.0,7.0,2.0,1.0,,,,,0.0
149,,,,6.0,1.0,0.0,,,0.0,2.575980295847437,0.0,8.0,2.0,2.0,,,,,0.0
150,,,,2.0,10.0,0.0,,,0.0,15.394327037245564,0.0,1.0,0.0,1.0,,,,,0.0
151,,,,10.0,2.0,0.0,,,0.0,1.778745258078329,0.0,3.0,1.0,0.0,,,,,0.0
152,,,,3.0,11.0,0.0,,,0.0,0.6921117912920962,0.0,7.0,2.0,1.0,,,,,0.0
153,,,,12.0,2.0,0.0,,,0.0,16.237161304636672,0.0,1.0,0.0,1.0,,,,,0.0
154,,,,1.0,6.0,0.0,,,0.0,4.471184942820192,0.0,8.0,2.0,2.0,,,,,0.0
155,,,,11.0,3.0,0.0,,,0.0,2.582165652777178,0.0,0.0,0.0,0.0,,,,,0.0
156,,,,11.0,3.0,0.0,,,0.0,4.599890673185084,0.0,5.0,1.0,2.0,,,,,0.0
157,,,,1.0,6.0,0.0,,,0.0,5.487380995237702,0.0,2.0,0.0,2.0,,,,,0.0
158,,,,12.0,2.0,0.0,,,0.0,0.6392782799117369,0.0,8.0,2.0,2.0,,,,,0.0
159,,,,3.0,11.0,0.0,,,0.0,14.07375737849883,0.0,8.0,2.0,2.0,,,,,0.0
160,,,,12.0,2.0,0.0,,,0.0,5.89765014945582,0.0,3.0,1.0,0.0,,,,,0.0
161,,,,1.0,6.0,0.0,,,0.0,15.558358783206458,0.0,7.0,2.0,1.0,,,,,0.0
162,,,,2.0,10.0,0.0,,,0.0,16.8975277196517,0.0,3.0,1.0,0.0,,,,,0.0
163,,,,12.0,2.0,0.0,,,0.0,0.3144005635200469,0.0,5.0,1.0,2.0,,,,,0.0
164,,,,10.0,2.0,0.0,,,0.0,1.298274768945113,0.0,6.0,2.0,0.0,,,,,0.0
165,,,,2.0,10.0,0.0,,,0.0,1.6663939599940816,0.0,6.0,2.0,0.0,,,,,0.0
166,,,,11.0,3.0,0.0,,,0.0,0.7695013901589688,0.0,6.0,2.0,0.0,,,,,0.0
167,,,,2.0,12.0,0.0,,,0.0,7.993325066020897,0.0,6.0,2.0,0.0,,,,,0.0
168,,,,1.0,9.0,0.0,,,0.0,7.897876050992762,0.0,2.0,0.0,2.0,,,,,0.0
169,,,,1.0,9.0,0.0,,,0.0,18.79449081577075,0.0,4.0,1.0,1.0,,,,,0.0
170,,,,1.0,9.0,0.0,,,0.0,10.843682700079503,0.0,2.0,0.0,2.0,,,,,0.0
171,,,,9.0,1.0,0.0,,,0.0,7.795336014662963,0.0,3.0,1.0,0.0,,,,,0.0
172,,,,1.0,9.0,0.0,,,0.0,4.996425566549725,0.0,2.0,0.0,2.0,,,,,0.0
173,,,,1.0,9.0,0.0,,,0.0,24.444259903585625,0.0,2.0,0.0,2.0,,,,,0.0
174,,,,1.0,9.0,0.0,,,0.0,1.4013898658826531,0.0,6.0,2.0,0.0,,,,,0.0
175,,,,1.0,9.0,0.0,,,0.0,17.662328500517685,0.0,4.0,1.0,1.0,,,,,0.0
176,,,,9.0,1.0,0.0,,,0.0,22.0537351091834,0.0,4.0,1.0,1.0,,,,,0.0
177,,,,1.0,9.0,0.0,,,0.0,4.075973685366413,0.0,2.0,0.0,2.0,,,,,0.0
178,,,,9.0,1.0,0.0,,,0.0,1.530755676381757,0.0,3.0,1.0,0.0,,,,,0.0
179,,,,9.0,1.0,0.0,,,0.0,10.088939753417083,0.0,0.0,0.0,0.0,,,,,0.0
180,,,,7.0,1.0,0.0,,,0.0,2.520904179597219,0.0,6.0,2.0,0.0,,,,,0.0
181,,,,7.0,1.0,0.0,,,0.0,13.902379423926089,0.0,6.0,2.0,0.0,,,,,0.0
182,,,,1.0,7.0,0.0,,,0.0,4.908860119425206,0.0,3.0,1.0,0.0,,,,,0.0
183,,,,7.0,1.0,0.0,,,0.0,9.756038101917039,0.0,7.0,2.0,1.0,,,,,0.0
184,,,,7.0,1.0,0.0,,,0.0,3.64495185007652,0.0,6.0,2.0,0.0,,,,,0.0
185,,,,1.0,7.0,0.0,,,0.0,1.9425800702517715,0.0,2.0,0.0,2.0,,,,,0.0
186,,,,7.0,1.0,0.0,,,0.0,4.315963977693086,0.0,7.0,2.0,1.0,,,,,0.0
187,,,,1.0,7.0,0.0,,,0.0,15.361780576548787,0.0,2.0,0.0,2.0,,,,,0.0
188,,,,7.0,1.0,0.0,,,0.0,10.916605935865473,0.0,4.0,1.0,1.0,,,,,0.0
189,,,,7.0,1.0,0.0,,,0.0,23.548265090638427,0.0,1.0,0.0,1.0,,,,,0.0
190,,,,7.0,1.0,0.0,,,0.0,4.924024025188885,0.0,6.0,2.0,0.0,,,,,0.0
191,,,,10.0,3.0,0.0,,,0.0,4.646670682272658,0.0,4.0,1.0,1.0,,,,,0.0
192,,,,10.0,3.0,0.0,,,0.0,13.696987388226438,0.0,1.0,0.0,1.0,,,,,0.0
193,,,,3.0,10.0,0.0,,,0.0,6.514028766152509,0.0,3.0,1.0,0.0,,,,,0.0
194,,,,10.0,3.0,0.0,,,0.0,8.278349182506041,0.0,6.0,2.0,0.0,,,,,0.0
195,,,,14.0,4.0,0.0,,,0.0,5.144408386289298,0.0,0.0,0.0,0.0,,,,,0.0
196,,,,4.0,14.0,0.0,,,0.0,7.403728189110483,0.0,6.0,2.0,0.0,,,,,0.0
197,,,,3.0,10.0,0.0,,,0.0,2.0571069227330225,0.0,6.0,2.0,0.0,,,,,0.0
198,,,,3.0,10.0,0.0,,,0.0,3.9940004381198606,0.0,1.0,0.0,1.0,,,,,0.0
199,,,,10.0,3.0,0.0,,,0.0,21.522513848712652,0.0,8.0,2.0,2.0,,,,,0.0
200,,,,4.0,14.0,0.0,,,0.0,16.816422878374652,0.0,5.0,1.0,2.0,,,,,0.0
201,,,,14.0,4.0,0.0,,,0.0,21.83919675925257,0.0,3.0,1.0,0.0,,,,,0.0
202,,,,3.0,10.0,0.0,,,0.0,11.636647165926822,0.0,3.0,1.0,0.0,,,,,0.0
203,,,,3.0,10.0,0.0,,,0.0,3.7233942448078503,0.0,4.0,1.0,1.0,,,,,0.0
204,,,,14.0,4.0,0.0,,,0.0,2.556732691235563,0.0,3.0,1.0,0.0,,,,,0.0
205,,,,4.0,14.0,0.0,,,0.0,4.150745799061646,0.0,4.0,1.0,1.0,,,,,0.0
206,,,,4.0,14.0,0.0,,,0.0,5.693520106580126,0.0,6.0,2.0,0.0,,,,,0.0
207,,,,14.0,4.0,0.0,,,0.0,16.1387632145874,0.0,3.0,1.0,0.0,,,,,0.0
208,,,,14.0,4.0,0.0,,,0.0,6.571471066193344,0.0,3.0,1.0,0.0,,,,,0.0
209,,,,4.0,14.0,0.0,,,0.0,23.413522300651543,0.0,6.0,2.0,0.0,,,,,0.0
210,,,,14.0,4.0,0.0,,,0.0,9.30518803824123,0.0,3.0,1.0,0.0,,,,,0.0
211,,,,10.0,3.0,0.0,,,0.0,17.09606660857075,0.0,6.0,2.0,0.0,,,,,0.0
212,,,,14.0,4.0,0.0,,,0.0,8.97951123282693,0.0,3.0,1.0,0.0,,,,,0.0
213,,,,4.0,14.0,0.0,,,0.0,9.676394640823501,0.0,6.0,2.0,0.0,,,,,0.0
214,,,,2.0,11.0,0.0,,,0.0,20.987185601944976,0.0,6.0,2.0,0.0,,,,,0.0
215,,,,11.0,6.0,0.0,,,0.0,2.3860429033209627,0.0,2.0,0.0,2.0,,,,,0.0
216,,,,11.0,2.0,0.0,,,0.0,24.745510303049006,0.0,7.0,2.0,1.0,,,,,0.0
217,,,,6.0,11.0,0.0,,,0.0,4.774107720017922,0.0,6.0,2.0,0.0,,,,,0.0
218,,,,11.0,2.0,0.0,,,0.0,4.228059324739141,0.0,5.0,1.0,2.0,,,,,0.0
219,,,,2.0,11.0,0.0,,,0.0,3.2489136664287086,0.0,6.0,2.0,0.0,,,,,0.0
220,,,,2.0,8.0,0.0,,,0.0,0.7040578010128659,0.0,7.0,2.0,1.0,,,,,0.0
221,,,,4.0,9.0,0.0,,,0.0,0.7756624806748543,0.0,4.0,1.0,1.0,,,,,0.0
222,,,,2.0,11.0,0.0,,,0.0,5.585137346191775,0.0,8.0,2.0,2.0,,,,,0.0
223,,,,13.0,4.0,0.0,,,0.0,6.2554678236152235,0.0,6.0,2.0,0.0,,,,,0.0
224,,,,9.0,4.0,0.0,,,0.0,10.069540563662173,0.0,6.0,2.0,0.0,,,,,0.0
225,,,,2.0,8.0,0.0,,,0.0,24.215131737075886,0.0,6.0,2.0,0.0,,,,,0.0
226,,,,13.0,4.0,0.0,,,0.0,10.067382088540914,0.0,6.0,2.0,0.0,,,,,0.0
227,,,,11.0,2.0,0.0,,,0.0,20.26731382186975,0.0,3.0,1.0,0.0,,,,,0.0
228,,,,11.0,2.0,0.0,,,0.0,27.877045013621522,0.0,6.0,2.0,0.0,,,,,0.0
229,,,,8.0,2.0,0.0,,,0.0,7.102835110391922,0.0,2.0,0.0,2.0,,,,,0.0
230,,,,4.0,13.0,0.0,,,0.0,15.52285823651061,0.0,6.0,2.0,0.0,,,,,0.0
231,,,,9.0,4.0,0.0,,,0.0,5.115173199836498,0.0,6.0,2.0,0.0,,,,,0.0
232,,,,2.0,8.0,0.0,,,0.0,6.796377929095679,0.0,6.0,2.0,0.0,,,,,0.0
233,,,,13.0,4.0,0.0,,,0.0,2.7013554946164047,0.0,6.0,2.0,0.0,,,,,0.0
234,,,,9.0,4.0,0.0,,,0.0,11.969284092784024,0.0,6.0,2.0,0.0,,,,,0.0
235,,,,11.0,2.0,0.0,,,0.0,8.615225541958987,0.0,0.0,0.0,0.0,,,,,0.0
236,,,,8.0,2.0,0.0,,,0.0,5.202245134944178,0.0,8.0,2.0,2.0,,,,,0.0
237,,,,11.0,2.0,0.0,,,0.0,22.33508082648912,0.0,6.0,2.0,0.0,,,,,0.0
238,,,,9.0,4.0,0.0,,,0.0,0.2597990281850837,0.0,2.0,0.0,2.0,,,,,0.0
239,,,,8.0,2.0,0.0,,,0.0,2.770707387215251,0.0,2.0,0.0,2.0,,,,,0.0
240,,,,11.0,2.0,0.0,,,0.0,6.126923588268331,0.0,6.0,2.0,0.0,,,,,0.0
241,,,,2.0,11.0,0.0,,,0.0,0.05825574778364216,0.0,7.0,2.0,1.0,,,,,0.0
242,,,,6.0,11.0,0.0,,,0.0,6.579764214787727,0.0,2.0,0.0,2.0,,,,,0.0
243,,,,6.0,11.0,0.0,,,0.0,5.731648387488542,0.0,4.0,1.0,1.0,,,,,0.0
244,,,,8.0,2.0,0.0,,,0.0,14.585522944377818,0.0,2.0,0.0,2.0,,,,,0.0
245,,,,8.0,2.0,0.0,,,0.0,14.637203863736225,0.0,2.0,0.0,2.0,,,,,0.0
246,,,,13.0,4.0,0.0,,,0.0,0.33059492021197967,0.0,6.0,2.0,0.0,,,,,0.0
247,,,,4.0,13.0,0.0,,,0.0,25.015314081773056,0.0,6.0,2.0,0.0,,,,,0.0
248,,,,4.0,13.0,0.0,,,0.0,1.8095113016327156,0.0,6.0,2.0,0.0,,,,,0.0
249,,,,4.0,9.0,0.0,,,0.0,13.929372767528141,0.0,4.0,1.0,1.0,,,,,0.0
250,,,,11.0,2.0,0.0,,,0.0,10.11765872914314,0.0,6.0,2.0,0.0,,,,,0.0
251,,,,6.0,11.0,0.0,,,0.0,5.152494205316495,0.0,7.0,2.0,1.0,,,,,0.0
252,,,,2.0,8.0,0.0,,,0.0,2.414237190465721,0.0,1.0,0.0,1.0,,,,,0.0
253,,,,2.0,11.0,0.0,,,0.0,9.695842379448047,0.0,7.0,2.0,1.0,,,,,0.0
254,,,,13.0,4.0,0.0,,,0.0,0.6727931218090989,0.0,6.0,2.0,0.0,,,,,0.0
255,,,,11.0,2.0,0.0,,,0.0,23.510949815120405,0.0,6.0,2.0,0.0,,,,,0.0
256,,,,9.0,4.0,0.0,,,0.0,14.571411636260292,0.0,1.0,0.0,1.0,,,,,0.0
257,,,,11.0,2.0,0.0,,,0.0,4.67027432803246,0.0,7.0,2.0,1.0,,,,,0.0
258,,,,2.0,8.0,0.0,,,0.0,20.032318722681712,0.0,0.0,0.0,0.0,,,,,0.0
259,,,,2.0,8.0,0.0,,,0.0,3.5381204407628353,0.0,6.0,2.0,0.0,,,,,0.0
260,,,,8.0,2.0,0.0,,,0.0,3.0028478237361114,0.0,2.0,0.0,2.0,,,,,0.0
261,,,,11.0,2.0,0.0,,,0.0,8.284426083319204,0.0,0.0,0.0,0.0,,,,,0.0
262,,,,4.0,13.0,0.0,,,0.0,5.716558021038698,0.0,0.0,0.0,0.0,,,,,0.0
263,,,,8.0,2.0,0.0,,,0.0,18.166864306408723,0.0,2.0,0.0,2.0,,,,,0.0
264,,,,2.0,8.0,0.0,,,0.0,18.447878929035216,0.0,6.0,2.0,0.0,,,,,0.0
265,,,,2.0,11.0,0.0,,,0.0,1.7256847131904125,0.0,2.0,0.0,2.0,,,,,0.0
266,,,,4.0,13.0,0.0,,,0.0,4.531982364939835,0.0,6.0,2.0,0.0,,,,,0.0
267,,,,8.0,2.0,0.0,,,0.0,13.06164624512318,0.0,5.0,1.0,2.0,,,,,0.0
268,,,,6.0,11.0,0.0,,,0.0,3.446578063237085,0.0,6.0,2.0,0.0,,,,,0.0
269,,,,2.0,11.0,0.0,,,0.0,7.173417566659151,0.0,8.0,2.0,2.0,,,,,0.0
270,,,,4.0,13.0,0.0,,,0.0,3.18965662906644,0.0,1.0,0.0,1.0,,,,,0.0
271,,,,6.0,11.0,0.0,,,0.0,13.020944552932546,0.0,2.0,0.0,2.0,,,,,0.0
272,,,,13.0,4.0,0.0,,,0.0,0.7940686158209412,0.0,6.0,2.0,0.0,,,,,0.0
273,,,,13.0,4.0,0.0,,,0.0,2.1505392974719673,0.0,6.0,2.0,0.0,,,,,0.0
274,,,,2.0,11.0,0.0,,,0.0,13.32536414305307,0.0,1.0,0.0,1.0,,,,,0.0
275,,,,11.0,2.0,0.0,,,0.0,12.355146915729751,0.0,6.0,2.0,0.0,,,,,0.0
276,,,,2.0,8.0,0.0,,,0.0,0.39565451540614566,0.0,6.0,2.0,0.0,,,,,0.0
277,,,,5.0,11.0,0.0,,,0.0,5.440480394130972,0.0,4.0,1.0,1.0,,,,,0.0
278,,,,14.0,5.0,0.0,,,0.0,10.72085840190141,0.0,3.0,1.0,0.0,,,,,0.0
279,,,,4.0,10.0,0.0,,,0.0,9.085050017268587,0.0,6.0,2.0,0.0,,,,,0.0
280,,,,4.0,12.0,0.0,,,0.0,21.99667014676882,0.0,2.0,0.0,2.0,,,,,0.0
281,,,,7.0,3.0,0.0,,,0.0,3.9707009628259877,0.0,6.0,2.0,0.0,,,,,0.0
282,,,,8.0,6.0,0.0,,,0.0,7.153790860892521,0.0,0.0,0.0,0.0,,,,,0.0
283,,,,5.0,14.0,0.0,,,0.0,22.571113029998983,0.0,4.0,1.0,1.0,,,,,0.0
284,,,,12.0,4.0,0.0,,,0.0,9.148555807292515,0.0,1.0,0.0,1.0,,,,,0.0
285,,,,5.0,11.0,0.0,,,0.0,7.377486221853369,0.0,0.0,0.0,0.0,,,,,0.0
286,,,,8.0,6.0,0.0,,,0.0,1.2197813678560088,0.0,6.0,2.0,0.0,,,,,0.0
287,,,,5.0,14.0,0.0,,,0.0,18.01305436588872,0.0,8.0,2.0,2.0,,,,,0.0
288,,,,14.0,5.0,0.0,,,0.0,27.32774565502806,0.0,5.0,1.0,2.0,,,,,0.0
289,,,,4.0,10.0,0.0,,,0.0,8.768292822887545,0.0,6.0,2.0,0.0,,,,,0.0
290,,,,11.0,5.0,0.0,,,0.0,5.463248347782874,0.0,5.0,1.0,2.0,,,,,0.0
291,,,,4.0,12.0,0.0,,,0.0,18.241708996765716,0.0,6.0,2.0,0.0,,,,,0.0
292,,,,14.0,5.0,0.0,,,0.0,13.97941196289475,0.0,3.0,1.0,0.0,,,,,0.0
293,,,,4.0,10.0,0.0,,,0.0,0.5996936809488629,0.0,8.0,2.0,2.0,,,,,0.0
294,,,,6.0,8.0,0.0,,,0.0,0.3374397181598903,0.0,0.0,0.0,0.0,,,,,0.0
295,,,,12.0,4.0,0.0,,,0.0,4.294552099877812,0.0,4.0,1.0,1.0,,,,,0.0
296,,,,3.0,7.0,0.0,,,0.0,0.6436389047579002,0.0,5.0,1.0,2.0,,,,,0.0
297,,,,3.0,7.0,0.0,,,0.0,3.000564932206105,0.0,0.0,0.0,0.0,,,,,0.0
298,,,,4.0,12.0,0.0,,,0.0,0.41505844471098924,0.0,6.0,2.0,0.0,,,,,0.0
299,,,,10.0,4.0,0.0,,,0.0,1.96169063059882,0.0,2.0,0.0,2.0,,,,,0.0
300,,,,12.0,4.0,0.0,,,0.0,0.7793069150700989,0.0,8.0,2.0,2.0,,,,,0.0
301,,,,11.0,5.0,0.0,,,0.0,7.9049607477720265,0.0,6.0,2.0,0.0,,,,,0.0
302,,,,7.0,3.0,0.0,,,0.0,7.116114222828035,0.0,4.0,1.0,1.0,,,,,0.0
303,,,,4.0,10.0,0.0,,,0.0,4.640929265921652,0.0,6.0,2.0,0.0,,,,,0.0
304,,,,3.0,7.0,0.0,,,0.0,2.877003639263369,0.0,5.0,1.0,2.0,,,,,0.0
305,,,,6.0,8.0,0.0,,,0.0,0.24931071723959475,0.0,6.0,2.0,0.0,,,,,0.0
306,,,,14.0,5.0,0.0,,,0.0,16.717568696229474,0.0,6.0,2.0,0.0,,,,,0.0
307,,,,12.0,4.0,0.0,,,0.0,26.89451722760241,0.0,3.0,1.0,0.0,,,,,0.0
308,,,,5.0,11.0,0.0,,,0.0,2.9994268003584064,0.0,3.0,1.0,0.0,,,,,0.0
309,,,,10.0,4.0,0.0,,,0.0,1.9493628066999231,0.0,6.0,2.0,0.0,,,,,0.0
310,,,,11.0,5.0,0.0,,,0.0,12.591407012251892,0.0,0.0,0.0,0.0,,,,,0.0
311,,,,3.0,7.0,0.0,,,0.0,0.8166339236889314,0.0,5.0,1.0,2.0,,,,,0.0
312,,,,14.0,5.0,0.0,,,0.0,20.11848322942415,0.0,3.0,1.0,0.0,,,,,0.0
313,,,,12.0,4.0,0.0,,,0.0,6.103659019955934,0.0,3.0,1.0,0.0,,,,,0.0
314,,,,3.0,7.0,0.0,,,0.0,15.491644165857593,0.0,0.0,0.0,0.0,,,,,0.0
315,,,,6.0,8.0,0.0,,,0.0,15.476130422323228,0.0,6.0,2.0,0.0,,,,,0.0
316,,,,5.0,11.0,0.0,,,0.0,11.109714815519984,0.0,3.0,1.0,0.0,,,,,0.0
317,,,,4.0,12.0,0.0,,,0.0,9.423455975518005,0.0,2.0,0.0,2.0,,,,,0.0
318,,,,5.0,14.0,0.0,,,0.0,0.4948132899372903,0.0,8.0,2.0,2.0,,,,,0.0
319,,,,7.0,3.0,0.0,,,0.0,4.877834033373858,0.0,6.0,2.0,0.0,,,,,0.0
320,,,,6.0,8.0,0.0,,,0.0,0.12602221842781042,0.0,6.0,2.0,0.0,,,,,0.0
321,,,,10.0,4.0,0.0,,,0.0,0.49733225845079276,0.0,6.0,2.0,0.0,,,,,0.0
322,,,,14.0,5.0,0.0,,,0.0,15.54807265429139,0.0,3.0,1.0,0.0,,,,,0.0
323,,,,12.0,4.0,0.0,,,0.0,17.39272802142093,0.0,3.0,1.0,0.0,,,,,0.0
324,,,,4.0,12.0,0.0,,,0.0,9.616202861948498,0.0,6.0,2.0,0.0,,,,,0.0
325,,,,11.0,5.0,0.0,,,0.0,4.782641382537726,0.0,1.0,0.0,1.0,,,,,0.0
326,,,,4.0,10.0,0.0,,,0.0,14.585061836493974,0.0,6.0,2.0,0.0,,,,,0.0
327,,,,14.0,5.0,0.0,,,0.0,10.094267251844057,0.0,3.0,1.0,0.0,,,,,0.0
328,,,,5.0,14.0,0.0,,,0.0,3.398575584527786,0.0,3.0,1.0,0.0,,,,,0.0
329,,,,5.0,11.0,0.0,,,0.0,10.140731927936715,0.0,3.0,1.0,0.0,,,,,0.0
330,,,,11.0,5.0,0.0,,,0.0,3.0555854278175847,0.0,7.0,2.0,1.0,,,,,0.0
331,,,,4.0,10.0,0.0,,,0.0,9.4115897629857,0.0,2.0,0.0,2.0,,,,,0.0
332,,,,7.0,3.0,0.0,,,0.0,2.2159973426686226,0.0,6.0,2.0,0.0,,,,,0.0
333,,,,8.0,6.0,0.0,,,0.0,0.33398310741387205,0.0,4.0,1.0,1.0,,,,,0.0
334,,,,5.0,14.0,0.0,,,0.0,1.189837544407678,0.0,8.0,2.0,2.0,,,,,0.0
335,,,,6.0,8.0,0.0,,,0.0,23.41455468560715,0.0,6.0,2.0,0.0,,,,,0.0
336,,,,8.0,6.0,0.0,,,0.0,0.803176984564686,0.0,6.0,2.0,0.0,,,,,0.0
337,,,,10.0,4.0,0.0,,,0.0,9.926578265275449,0.0,3.0,1.0,0.0,,,,,0.0
338,,,,7.0,3.0,0.0,,,0.0,14.550284048655708,0.0,6.0,2.0,0.0,,,,,0.0
339,,,,6.0,8.0,0.0,,,0.0,10.374036706559941,0.0,6.0,2.0,0.0,,,,,0.0
340,,,,3.0,7.0,0.0,,,0.0,27.00061549859988,0.0,6.0,2.0,0.0,,,,,0.0
341,,,,11.0,5.0,0.0,,,0.0,4.650470715004211,0.0,6.0,2.0,0.0,,,,,0.0
342,,,,10.0,4.0,0.0,,,0.0,3.420059436373435,0.0,5.0,1.0,2.0,,,,,0.0
343,,,,6.0,8.0,0.0,,,0.0,8.055059776566685,0.0,0.0,0.0,0.0,,,,,0.0
344,,,,4.0,12.0,0.0,,,0.0,1.1245857627774232,0.0,6.0,2.0,0.0,,,,,0.0
345,,,,6.0,8.0,0.0,,,0.0,3.228797043128061,0.0,8.0,2.0,2.0,,,,,0.0
346,,,,7.0,3.0,0.0,,,0.0,9.459843198263862,0.0,6.0,2.0,0.0,,,,,0.0
347,,,,3.0,7.0,0.0,,,0.0,2.84971079951767,0.0,3.0,1.0,0.0,,,,,0.0
348,,,,5.0,14.0,0.0,,,0.0,13.096777181243404,0.0,8.0,2.0,2.0,,,,,0.0
349,,,,7.0,3.0,0.0,,,0.0,23.68898999591142,0.0,1.0,0.0,1.0,,,,,0.0
350,,,,10.0,4.0,0.0,,,0.0,8.843864717200136,0.0,6.0,2.0,0.0,,,,,0.0
351,,,,10.0,4.0,0.0,,,0.0,2.6986551667284626,0.0,4.0,1.0,1.0,,,,,0.0
352,,,,5.0,11.0,0.0,,,0.0,6.4393638578038255,0.0,4.0,1.0,1.0,,,,,0.0
353,,,,3.0,7.0,0.0,,,0.0,2.060613498376047,0.0,4.0,1.0,1.0,,,,,0.0
354,,,,4.0,10.0,0.0,,,0.0,4.412762965289636,0.0,6.0,2.0,0.0,,,,,0.0
355,,,,11.0,5.0,0.0,,,0.0,6.855314877708626,0.0,7.0,2.0,1.0,,,,,0.0
356,,,,4.0,10.0,0.0,,,0.0,20.30630299165381,0.0,6.0,2.0,0.0,,,,,0.0
357,,,,4.0,12.0,0.0,,,0.0,5.813902402468802,0.0,0.0,0.0,0.0,,,,,0.0
358,,,,8.0,1.0,0.0,,,0.0,21.909405917476054,0.0,2.0,0.0,2.0,,,,,0.0
359,,,,1.0,8.0,0.0,,,0.0,19.706118475493017,0.0,6.0,2.0,0.0,,,,,0.0
360,,,,1.0,5.0,0.0,,,0.0,6.86953027208933,0.0,6.0,2.0,0.0,,,,,0.0
361,,,,5.0,12.0,0.0,,,0.0,27.95515199025464,0.0,6.0,2.0,0.0,,,,,0.0
362,,,,6.0,2.0,0.0,,,0.0,1.4849372266387328,0.0,3.0,1.0,0.0,,,,,0.0
363,,,,5.0,13.0,0.0,,,0.0,10.697801269374915,0.0,1.0,0.0,1.0,,,,,0.0
364,,,,1.0,5.0,0.0,,,0.0,24.189311167418033,0.0,6.0,2.0,0.0,,,,,0.0
365,,,,5.0,1.0,0.0,,,0.0,19.833859348745044,0.0,8.0,2.0,2.0,,,,,0.0
366,,,,8.0,1.0,0.0,,,0.0,14.21099341186767,0.0,6.0,2.0,0.0,,,,,0.0
367,,,,1.0,5.0,0.0,,,0.0,5.880877315873237,0.0,2.0,0.0,2.0,,,,,0.0
368,,,,5.0,12.0,0.0,,,0.0,7.267311031603709,0.0,6.0,2.0,0.0,,,,,0.0
369,,,,11.0,7.0,0.0,,,0.0,8.206628523921479,0.0,3.0,1.0,0.0,,,,,0.0
370,,,,12.0,5.0,0.0,,,0.0,22.90803327491167,0.0,6.0,2.0,0.0,,,,,0.0
371,,,,11.0,7.0,0.0,,,0.0,18.90819421049363,0.0,6.0,2.0,0.0,,,,,0.0
372,,,,13.0,5.0,0.0,,,0.0,6.451382594272537,0.0,6.0,2.0,0.0,,,,,0.0
373,,,,5.0,12.0,0.0,,,0.0,5.0059981126800785,0.0,5.0,1.0,2.0,,,,,0.0
374,,,,2.0,6.0,0.0,,,0.0,21.925887351763873,0.0,6.0,2.0,0.0,,,,,0.0
375,,,,5.0,1.0,0.0,,,0.0,19.7734890620709,0.0,3.0,1.0,0.0,,,,,0.0
376,,,,7.0,11.0,0.0,,,0.0,0.40218524538235545,0.0,6.0,2.0,0.0,,,,,0.0
377,,,,13.0,5.0,0.0,,,0.0,6.5746920124827515,0.0,3.0,1.0,0.0,,,,,0.0
378,,,,5.0,12.0,0.0,,,0.0,4.331289730862717,0.0,6.0,2.0,0.0,,,,,0.0
379,,,,11.0,7.0,0.0,,,0.0,1.9539674697363851,0.0,6.0,2.0,0.0,,,,,0.0
380,,,,11.0,7.0,0.0,,,0.0,6.742809197561263,0.0,5.0,1.0,2.0,,,,,0.0
381,,,,1.0,5.0,0.0,,,0.0,1.3845336456573656,0.0,7.0,2.0,1.0,,,,,0.0
382,,,,12.0,5.0,0.0,,,0.0,14.496462584308084,0.0,6.0,2.0,0.0,,,,,0.0
383,,,,5.0,13.0,0.0,,,0.0,1.2907616769328365,0.0,3.0,1.0,0.0,,,,,0.0
384,,,,8.0,1.0,0.0,,,0.0,20.49661582932744,0.0,6.0,2.0,0.0,,,,,0.0
385,,,,1.0,5.0,0.0,,,0.0,5.655795239485358,0.0,7.0,2.0,1.0,,,,,0.0
386,,,,12.0,5.0,0.0,,,0.0,4.288077529832783,0.0,4.0,1.0,1.0,,,,,0.0
387,,,,7.0,11.0,0.0,,,0.0,7.906695207080818,0.0,6.0,2.0,0.0,,,,,0.0
388,,,,5.0,13.0,0.0,,,0.0,1.9908683845051656,0.0,4.0,1.0,1.0,,,,,0.0
389,,,,5.0,13.0,0.0,,,0.0,15.10938495234658,0.0,3.0,1.0,0.0,,,,,0.0
390,,,,11.0,7.0,0.0,,,0.0,21.18780639391374,0.0,6.0,2.0,0.0,,,,,0.0
391,,,,13.0,5.0,0.0,,,0.0,27.561527315599633,0.0,5.0,1.0,2.0,,,,,0.0
392,,,,11.0,7.0,0.0,,,0.0,0.4532669302157687,0.0,6.0,2.0,0.0,,,,,0.0
393,,,,11.0,7.0,0.0,,,0.0,11.609411381464842,0.0,6.0,2.0,0.0,,,,,0.0
394,,,,13.0,5.0,0.0,,,0.0,16.01449899860773,0.0,8.0,2.0,2.0,,,,,0.0
395,,,,11.0,7.0,0.0,,,0.0,5.462965938606884,0.0,8.0,2.0,2.0,,,,,0.0
396,,,,1.0,5.0,0.0,,,0.0,3.3953471271004894,0.0,6.0,2.0,0.0,,,,,0.0
397,,,,2.0,6.0,0.0,,,0.0,12.961987122775165,0.0,4.0,1.0,1.0,,,,,0.0
398,,,,5.0,13.0,0.0,,,0.0,10.391313901786585,0.0,4.0,1.0,1.0,,,,,0.0
399,,,,2.0,6.0,0.0,,,0.0,10.276142461666604,0.0,6.0,2.0,0.0,,,,,0.0
400,,,,2.0,6.0,0.0,,,0.0,1.7508523578249777,0.0,2.0,0.0,2.0,,,,,0.0
401,,,,1.0,8.0,0.0,,,0.0,7.949007097012453,0.0,6.0,2.0,0.0,,,,,0.0
402,,,,1.0,5.0,0.0,,,0.0,0.5113231951263246,0.0,6.0,2.0,0.0,,,,,0.0
403,,,,12.0,5.0,0.0,,,0.0,2.981684388337099,0.0,2.0,0.0,2.0,,,,,0.0
404,,,,13.0,5.0,0.0,,,0.0,0.5676027014405214,0.0,8.0,2.0,2.0,,,,,0.0
405,,,,12.0,5.0,0.0,,,0.0,1.5288650958307046,0.0,6.0,2.0,0.0,,,,,0.0
406,,,,12.0,5.0,0.0,,,0.0,5.624655336826897,0.0,6.0,2.0,0.0,,,,,0.0
407,,,,11.0,7.0,0.0,,,0.0,17.239400539755525,0.0,6.0,2.0,0.0,,,,,0.0
408,,,,5.0,9.0,0.0,,,0.0,0.6769344504777073,0.0,3.0,1.0,0.0,,,,,0.0
409,,,,6.0,12.0,0.0,,,0.0,4.697869984154432,0.0,6.0,2.0,0.0,,,,,0.0
410,,,,6.0,12.0,0.0,,,0.0,14.623523582663669,0.0,6.0,2.0,0.0,,,,,0.0
411,,,,9.0,5.0,0.0,,,0.0,3.99008947305193,0.0,5.0,1.0,2.0,,,,,0.0
412,,,,6.0,12.0,0.0,,,0.0,27.976653186448278,0.0,5.0,1.0,2.0,,,,,0.0
413,,,,5.0,9.0,0.0,,,0.0,12.35335767420948,0.0,7.0,2.0,1.0,,,,,0.0
414,,,,12.0,6.0,0.0,,,0.0,15.833620641294367,0.0,3.0,1.0,0.0,,,,,0.0
415,,,,6.0,12.0,0.0,,,0.0,0.8955270675404348,0.0,6.0,2.0,0.0,,,,,0.0
416,,,,5.0,9.0,0.0,,,0.0,12.402408370674646,0.0,3.0,1.0,0.0,,,,,0.0
417,,,,6.0,12.0,0.0,,,0.0,3.5819982817600478,0.0,6.0,2.0,0.0,,,,,0.0
418,,,,12.0,6.0,0.0,,,0.0,6.658274391385405,0.0,3.0,1.0,0.0,,,,,0.0
419,,,,5.0,9.0,0.0,,,0.0,13.319303659793814,0.0,3.0,1.0,0.0,,,,,0.0
420,,,,9.0,5.0,0.0,,,0.0,4.4995798129905324,0.0,6.0,2.0,0.0,,,,,0.0
421,,,,12.0,6.0,0.0,,,0.0,4.126543752256923,0.0,1.0,0.0,1.0,,,,,0.0
422,,,,9.0,5.0,0.0,,,0.0,2.598111208445099,0.0,6.0,2.0,0.0,,,,,0.0
423,,,,12.0,6.0,0.0,,,0.0,1.2242013754375918,0.0,3.0,1.0,0.0,,,,,0.0
424,,,,9.0,5.0,0.0,,,0.0,8.093783766115566,0.0,4.0,1.0,1.0,,,,,0.0
425,,,,12.0,6.0,0.0,,,0.0,9.042497273850165,0.0,3.0,1.0,0.0,,,,,0.0
426,,,,9.0,5.0,0.0,,,0.0,8.813564898414663,0.0,7.0,2.0,1.0,,,,,0.0
427,,,,13.0,6.0,0.0,,,0.0,9.581111750626398,0.0,2.0,0.0,2.0,,,,,0.0
428,,,,14.0,7.0,0.0,,,0.0,7.358133359842501,0.0,3.0,1.0,0.0,,,,,0.0
429,,,,8.0,4.0,0.0,,,0.0,22.02120077730147,0.0,6.0,2.0,0.0,,,,,0.0
430,,,,6.0,13.0,0.0,,,0.0,3.3965849104575594,0.0,1.0,0.0,1.0,,,,,0.0
431,,,,14.0,7.0,0.0,,,0.0,10.438651571806062,0.0,2.0,0.0,2.0,,,,,0.0
432,,,,8.0,4.0,0.0,,,0.0,16.311446894200586,0.0,6.0,2.0,0.0,,,,,0.0
433,,,,6.0,13.0,0.0,,,0.0,26.114368465860455,0.0,3.0,1.0,0.0,,,,,0.0
434,,,,8.0,4.0,0.0,,,0.0,20.929803278412717,0.0,2.0,0.0,2.0,,,,,0.0
435,,,,2.0,7.0,0.0,,,0.0,10.669026085444901,0.0,6.0,2.0,0.0,,,,,0.0
436,,,,11.0,4.0,0.0,,,0.0,27.0386011497698,0.0,1.0,0.0,1.0,,,,,0.0
437,,,,5.0,10.0,0.0,,,0.0,3.3127915190752155,0.0,1.0,0.0,1.0,,,,,0.0
438,,,,7.0,14.0,0.0,,,0.0,12.174150358037053,0.0,4.0,1.0,1.0,,,,,0.0
439,,,,5.0,3.0,0.0,,,0.0,7.274377410951563,0.0,3.0,1.0,0.0,,,,,0.0
440,,,,7.0,2.0,0.0,,,0.0,12.930283724515071,0.0,3.0,1.0,0.0,,,,,0.0
441,,,,3.0,5.0,0.0,,,0.0,7.5353058418090635,0.0,6.0,2.0,0.0,,,,,0.0
442,,,,14.0,7.0,0.0,,,0.0,5.730508436638888,0.0,3.0,1.0,0.0,,,,,0.0
443,,,,6.0,13.0,0.0,,,0.0,17.9626723934911,0.0,4.0,1.0,1.0,,,,,0.0
444,,,,11.0,4.0,0.0,,,0.0,1.5762897744265052,0.0,5.0,1.0,2.0,,,,,0.0
445,,,,4.0,11.0,0.0,,,0.0,24.00013387742468,0.0,6.0,2.0,0.0,,,,,0.0
446,,,,4.0,11.0,0.0,,,0.0,12.202141976101359,0.0,4.0,1.0,1.0,,,,,0.0
447,,,,4.0,8.0,0.0,,,0.0,0.8586531136166394,0.0,6.0,2.0,0.0,,,,,0.0
448,,,,11.0,4.0,0.0,,,0.0,6.077442882502046,0.0,5.0,1.0,2.0,,,,,0.0
449,,,,2.0,7.0,0.0,,,0.0,8.879810186790415,0.0,8.0,2.0,2.0,,,,,0.0
450,,,,11.0,4.0,0.0,,,0.0,16.1183534846003,0.0,6.0,2.0,0.0,,,,,0.0
451,,,,4.0,8.0,0.0,,,0.0,19.256401807555783,0.0,0.0,0.0,0.0,,,,,0.0
452,,,,5.0,10.0,0.0,,,0.0,25.123863033882543,0.0,2.0,0.0,2.0,,,,,0.0
453,,,,8.0,4.0,0.0,,,0.0,17.73167864357189,0.0,7.0,2.0,1.0,,,,,0.0
454,,,,6.0,13.0,0.0,,,0.0,3.7484441496267245,0.0,3.0,1.0,0.0,,,,,0.0
455,,,,5.0,10.0,0.0,,,0.0,14.869816005721969,0.0,1.0,0.0,1.0,,,,,0.0
456,,,,11.0,4.0,0.0,,,0.0,20.636657489539054,0.0,1.0,0.0,1.0,,,,,0.0
457,,,,10.0,5.0,0.0,,,0.0,20.496662536772728,0.0,6.0,2.0,0.0,,,,,0.0
458,,,,13.0,6.0,0.0,,,0.0,12.622452463340242,0.0,0.0,0.0,0.0,,,,,0.0
459,,,,5.0,10.0,0.0,,,0.0,12.188957946156513,0.0,6.0,2.0,0.0,,,,,0.0
460,,,,14.0,7.0,0.0,,,0.0,10.25181477087564,0.0,8.0,2.0,2.0,,,,,0.0
461,,,,4.0,8.0,0.0,,,0.0,6.57986870447432,0.0,6.0,2.0,0.0,,,,,0.0
462,,,,5.0,10.0,0.0,,,0.0,0.046948235206918904,0.0,3.0,1.0,0.0,,,,,0.0
463,,,,8.0,4.0,0.0,,,0.0,1.918541762454863,0.0,6.0,2.0,0.0,,,,,0.0
464,,,,3.0,5.0,0.0,,,0.0,9.965331469330193,0.0,2.0,0.0,2.0,,,,,0.0
465,,,,10.0,5.0,0.0,,,0.0,18.968111648794718,0.0,6.0,2.0,0.0,,,,,0.0
466,,,,11.0,4.0,0.0,,,0.0,14.279905027131067,0.0,8.0,2.0,2.0,,,,,0.0
467,,,,7.0,2.0,0.0,,,0.0,11.2374843926083,0.0,3.0,1.0,0.0,,,,,0.0
468,,,,7.0,2.0,0.0,,,0.0,9.74630929524989,0.0,3.0,1.0,0.0,,,,,0.0
469,,,,2.0,7.0,0.0,,,0.0,5.698220735801002,0.0,6.0,2.0,0.0,,,,,0.0
470,,,,3.0,5.0,0.0,,,0.0,6.275821718108903,0.0,6.0,2.0,0.0,,,,,0.0
471,,,,7.0,14.0,0.0,,,0.0,5.603376593951963,0.0,8.0,2.0,2.0,,,,,0.0
472,,,,8.0,4.0,0.0,,,0.0,7.931353312898974,0.0,8.0,2.0,2.0,,,,,0.0
473,,,,5.0,3.0,0.0,,,0.0,4.464512195337987,0.0,3.0,1.0,0.0,,,,,0.0
474,,,,13.0,6.0,0.0,,,0.0,7.226545849974063,0.0,6.0,2.0,0.0,,,,,0.0
475,,,,4.0,11.0,0.0,,,0.0,1.573019632356452,0.0,8.0,2.0,2.0,,,,,0.0
476,,,,5.0,10.0,0.0,,,0.0,9.437337747765474,0.0,3.0,1.0,0.0,,,,,0.0
477,,,,11.0,4.0,0.0,,,0.0,25.53508418956071,0.0,6.0,2.0,0.0,,,,,0.0
478,,,,3.0,5.0,0.0,,,0.0,1.6587402704296985,0.0,6.0,2.0,0.0,,,,,0.0
479,,,,7.0,14.0,0.0,,,0.0,6.243527301441387,0.0,8.0,2.0,2.0,,,,,0.0
480,,,,13.0,6.0,0.0,,,0.0,2.352167096995661,0.0,6.0,2.0,0.0,,,,,0.0
481,,,,3.0,5.0,0.0,,,0.0,20.041237532347093,0.0,6.0,2.0,0.0,,,,,0.0
482,,,,4.0,11.0,0.0,,,0.0,6.764130117835355,0.0,6.0,2.0,0.0,,,,,0.0
483,,,,4.0,11.0,0.0,,,0.0,2.7832992586895067,0.0,0.0,0.0,0.0,,,,,0.0
484,,,,3.0,5.0,0.0,,,0.0,10.230663685433584,0.0,6.0,2.0,0.0,,,,,0.0
485,,,,4.0,11.0,0.0,,,0.0,10.382820846961991,0.0,8.0,2.0,2.0,,,,,0.0
486,,,,3.0,5.0,0.0,,,0.0,7.312220131069093,0.0,0.0,0.0,0.0,,,,,0.0
487,,,,10.0,5.0,0.0,,,0.0,5.484557042356708,0.0,6.0,2.0,0.0,,,,,0.0
488,,,,5.0,10.0,0.0,,,0.0,7.948338164111935,0.0,5.0,1.0,2.0,,,,,0.0
489,,,,5.0,3.0,0.0,,,0.0,1.3288093124730425,0.0,0.0,0.0,0.0,,,,,0.0
490,,,,5.0,3.0,0.0,,,0.0,3.9444884084734224,0.0,1.0,0.0,1.0,,,,,0.0
491,,,,13.0,6.0,0.0,,,0.0,15.209713558020528,0.0,5.0,1.0,2.0,,,,,0.0
492,,,,5.0,3.0,0.0,,,0.0,26.207318323884074,0.0,3.0,1.0,0.0,,,,,0.0
493,,,,5.0,3.0,0.0,,,0.0,9.877501153997843,0.0,6.0,2.0,0.0,,,,,0.0
494,,,,7.0,14.0,0.0,,,0.0,4.177524590472238,0.0,8.0,2.0,2.0,,,,,0.0
495,,,,13.0,6.0,0.0,,,0.0,1.5909189130930528,0.0,1.0,0.0,1.0,,,,,0.0
496,,,,13.0,6.0,0.0,,,0.0,8.12835636763892,0.0,7.0,2.0,1.0,,,,,0.0
497,,,,5.0,3.0,0.0,,,0.0,5.692649847957952,0.0,3.0,1.0,0.0,,,,,0.0
498,,,,5.0,10.0,0.0,,,0.0,0.7106044261443288,0.0,3.0,1.0,0.0,,,,,0.0
499,,,,5.0,10.0,0.0,,,0.0,9.540220589358036,0.0,4.0,1.0,1.0,,,,,0.0
500,,,,4.0,11.0,0.0,,,0.0,8.928914069017145,0.0,6.0,2.0,0.0,,,,,0.0
501,,,,4.0,11.0,0.0,,,0.0,20.92519898481492,0.0,6.0,2.0,0.0,,,,,0.0
502,,,,3.0,5.0,0.0,,,0.0,8.136822391763122,0.0,6.0,2.0,0.0,,,,,0.0
503,,,,11.0,4.0,0.0,,,0.0,2.565635226155731,0.0,2.0,0.0,2.0,,,,,0.0
504,,,,13.0,6.0,0.0,,,0.0,3.191855719900963,0.0,6.0,2.0,0.0,,,,,0.0
505,,,,3.0,5.0,0.0,,,0.0,8.264971000686085,0.0,3.0,1.0,0.0,,,,,0.0
506,,,,8.0,4.0,0.0,,,0.0,17.22580269013818,0.0,6.0,2.0,0.0,,,,,0.0
507,,,,11.0,4.0,0.0,,,0.0,0.9697697389984723,0.0,6.0,2.0,0.0,,,,,0.0
508,,,,14.0,7.0,0.0,,,0.0,11.99117577143541,0.0,3.0,1.0,0.0,,,,,0.0
509,,,,5.0,3.0,0.0,,,0.0,19.898220861189472,0.0,3.0,1.0,0.0,,,,,0.0
510,,,,2.0,7.0,0.0,,,0.0,0.655463287569005,0.0,6.0,2.0,0.0,,,,,0.0
511,,,,10.0,5.0,0.0,,,0.0,25.062559682733262,0.0,8.0,2.0,2.0,,,,,0.0
512,,,,6.0,13.0,0.0,,,0.0,7.90989459567135,0.0,3.0,1.0,0.0,,,,,0.0
513,,,,7.0,6.0,0.0,,,0.0,2.784401058894616,0.0,6.0,2.0,0.0,,,,,0.0
514,,,,13.0,7.0,0.0,,,0.0,12.636114039632293,0.0,5.0,1.0,2.0,,,,,0.0
515,,,,13.0,7.0,0.0,,,0.0,5.921531724490053,0.0,3.0,1.0,0.0,,,,,0.0
516,,,,6.0,14.0,0.0,,,0.0,6.67610791753554,0.0,4.0,1.0,1.0,,,,,0.0
517,,,,6.0,7.0,0.0,,,0.0,10.671502859027335,0.0,4.0,1.0,1.0,,,,,0.0
518,,,,6.0,4.0,0.0,,,0.0,5.399679205883093,0.0,6.0,2.0,0.0,,,,,0.0
519,,,,9.0,6.0,0.0,,,0.0,0.7037427605049529,0.0,6.0,2.0,0.0,,,,,0.0
520,,,,6.0,3.0,0.0,,,0.0,0.9660774137956681,0.0,6.0,2.0,0.0,,,,,0.0
521,,,,9.0,6.0,0.0,,,0.0,14.599480474925477,0.0,5.0,1.0,2.0,,,,,0.0
522,,,,6.0,3.0,0.0,,,0.0,23.523464436693175,0.0,7.0,2.0,1.0,,,,,0.0
523,,,,4.0,1.0,0.0,,,0.0,9.63028978615097,0.0,6.0,2.0,0.0,,,,,0.0
524,,,,7.0,13.0,0.0,,,0.0,4.1225113043208195,0.0,3.0,1.0,0.0,,,,,0.0
525,,,,7.0,13.0,0.0,,,0.0,2.590412228103129,0.0,3.0,1.0,0.0,,,,,0.0
526,,,,6.0,9.0,0.0,,,0.0,20.177698776173717,0.0,7.0,2.0,1.0,,,,,0.0
527,,,,12.0,7.0,0.0,,,0.0,15.211775642108325,0.0,1.0,0.0,1.0,,,,,0.0
528,,,,6.0,4.0,0.0,,,0.0,25.402123272596988,0.0,6.0,2.0,0.0,,,,,0.0
529,,,,3.0,6.0,0.0,,,0.0,5.158849042531084,0.0,6.0,2.0,0.0,,,,,0.0
530,,,,12.0,7.0,0.0,,,0.0,25.65233909551379,0.0,3.0,1.0,0.0,,,,,0.0
531,,,,3.0,6.0,0.0,,,0.0,10.282397465344454,0.0,0.0,0.0,0.0,,,,,0.0
532,,,,6.0,9.0,0.0,,,0.0,9.86816051064718,0.0,3.0,1.0,0.0,,,,,0.0
533,,,,14.0,6.0,0.0,,,0.0,3.312600964379686,0.0,1.0,0.0,1.0,,,,,0.0
534,,,,7.0,6.0,0.0,,,0.0,6.050969480228442,0.0,6.0,2.0,0.0,,,,,0.0
535,,,,6.0,3.0,0.0,,,0.0,2.708435206049393,0.0,5.0,1.0,2.0,,,,,0.0
536,,,,1.0,4.0,0.0,,,0.0,5.53232675155705,0.0,6.0,2.0,0.0,,,,,0.0
537,,,,1.0,4.0,0.0,,,0.0,2.1928113809630876,0.0,4.0,1.0,1.0,,,,,0.0
538,,,,13.0,7.0,0.0,,,0.0,4.671071057470713,0.0,1.0,0.0,1.0,,,,,0.0
539,,,,4.0,1.0,0.0,,,0.0,20.62084876011422,0.0,6.0,2.0,0.0,,,,,0.0
540,,,,13.0,7.0,0.0,,,0.0,4.82878335107495,0.0,1.0,0.0,1.0,,,,,0.0
541,,,,3.0,6.0,0.0,,,0.0,0.42206111485131265,0.0,6.0,2.0,0.0,,,,,0.0
542,,,,4.0,1.0,0.0,,,0.0,10.389946176576908,0.0,3.0,1.0,0.0,,,,,0.0
543,,,,4.0,1.0,0.0,,,0.0,0.5220985915229415,0.0,3.0,1.0,0.0,,,,,0.0
544,,,,7.0,13.0,0.0,,,0.0,26.32298923251423,0.0,3.0,1.0,0.0,,,,,0.0
545,,,,6.0,9.0,0.0,,,0.0,8.374723416423636,0.0,2.0,0.0,2.0,,,,,0.0
546,,,,3.0,6.0,0.0,,,0.0,5.201211148215448,0.0,8.0,2.0,2.0,,,,,0.0
547,,,,3.0,6.0,0.0,,,0.0,3.332019924321694,0.0,6.0,2.0,0.0,,,,,0.0
548,,,,12.0,7.0,0.0,,,0.0,1.7202728504476608,0.0,3.0,1.0,0.0,,,,,0.0
549,,,,1.0,4.0,0.0,,,0.0,3.0589625737620283,0.0,6.0,2.0,0.0,,,,,0.0
550,,,,14.0,6.0,0.0,,,0.0,8.641923563181624,0.0,5.0,1.0,2.0,,,,,0.0
551,,,,7.0,12.0,0.0,,,0.0,6.137814193845096,0.0,2.0,0.0,2.0,,,,,0.0
552,,,,4.0,6.0,0.0,,,0.0,0.31368700839934716,0.0,6.0,2.0,0.0,,,,,0.0
553,,,,7.0,13.0,0.0,,,0.0,2.2048133862420722,0.0,3.0,1.0,0.0,,,,,0.0
554,,,,7.0,12.0,0.0,,,0.0,12.065020748727678,0.0,4.0,1.0,1.0,,,,,0.0
555,,,,6.0,9.0,0.0,,,0.0,2.735540637878195,0.0,5.0,1.0,2.0,,,,,0.0
556,,,,6.0,4.0,0.0,,,0.0,8.590209472307743,0.0,6.0,2.0,0.0,,,,,0.0
557,,,,6.0,4.0,0.0,,,0.0,0.8281644502797737,0.0,6.0,2.0,0.0,,,,,0.0
558,,,,6.0,4.0,0.0,,,0.0,0.4233714405835788,0.0,6.0,2.0,0.0,,,,,0.0
559,,,,9.0,6.0,0.0,,,0.0,20.984978180030787,0.0,6.0,2.0,0.0,,,,,0.0
560,,,,3.0,6.0,0.0,,,0.0,0.8185882907875293,0.0,6.0,2.0,0.0,,,,,0.0
561,,,,9.0,6.0,0.0,,,0.0,17.094116028638737,0.0,6.0,2.0,0.0,,,,,0.0
562,,,,6.0,7.0,0.0,,,0.0,6.414285304957326,0.0,5.0,1.0,2.0,,,,,0.0
563,,,,4.0,1.0,0.0,,,0.0,8.876017301554857,0.0,3.0,1.0,0.0,,,,,0.0
564,,,,7.0,13.0,0.0,,,0.0,0.5355426071140446,0.0,3.0,1.0,0.0,,,,,0.0
565,,,,6.0,3.0,0.0,,,0.0,18.462139092152974,0.0,8.0,2.0,2.0,,,,,0.0
566,,,,7.0,6.0,0.0,,,0.0,15.910199640175389,0.0,2.0,0.0,2.0,,,,,0.0
567,,,,7.0,6.0,0.0,,,0.0,7.582353458333805,0.0,1.0,0.0,1.0,,,,,0.0
568,,,,7.0,13.0,0.0,,,0.0,4.987973973464422,0.0,3.0,1.0,0.0,,,,,0.0
569,,,,6.0,4.0,0.0,,,0.0,2.047095925810541,0.0,6.0,2.0,0.0,,,,,0.0
570,,,,3.0,6.0,0.0,,,0.0,16.31084203854836,0.0,6.0,2.0,0.0,,,,,0.0
571,,,,9.0,6.0,0.0,,,0.0,15.472415658660449,0.0,6.0,2.0,0.0,,,,,0.0
572,,,,7.0,6.0,0.0,,,0.0,9.02193465853817,0.0,5.0,1.0,2.0,,,,,0.0
573,,,,6.0,3.0,0.0,,,0.0,16.075614520787916,0.0,6.0,2.0,0.0,,,,,0.0
574,,,,6.0,14.0,0.0,,,0.0,0.10195950378865032,0.0,4.0,1.0,1.0,,,,,0.0
575,,,,7.0,13.0,0.0,,,0.0,7.275132199052189,0.0,3.0,1.0,0.0,,,,,0.0
576,,,,14.0,6.0,0.0,,,0.0,3.6638526067072616,0.0,4.0,1.0,1.0,,,,,0.0
577,,,,6.0,7.0,0.0,,,0.0,5.376040354667816,0.0,0.0,0.0,0.0,,,,,0.0
578,,,,7.0,13.0,0.0,,,0.0,1.829355975980068,0.0,3.0,1.0,0.0,,,,,0.0
579,,,,3.0,6.0,0.0,,,0.0,14.003032899546898,0.0,5.0,1.0,2.0,,,,,0.0
580,,,,6.0,7.0,0.0,,,0.0,23.94384855072412,0.0,6.0,2.0,0.0,,,,,0.0
581,,,,3.0,6.0,0.0,,,0.0,10.818771732666196,0.0,6.0,2.0,0.0,,,,,0.0
582,,,,6.0,4.0,0.0,,,0.0,9.068367820853576,0.0,6.0,2.0,0.0,,,,,0.0
583,,,,7.0,13.0,0.0,,,0.0,3.7422708218378746,0.0,3.0,1.0,0.0,,,,,0.0
584,,,,6.0,14.0,0.0,,,0.0,5.17215227704446,0.0,3.0,1.0,0.0,,,,,0.0
585,,,,14.0,6.0,0.0,,,0.0,3.62047108319279,0.0,3.0,1.0,0.0,,,,,0.0
586,,,,1.0,4.0,0.0,,,0.0,10.1167408339308,0.0,6.0,2.0,0.0,,,,,0.0
587,,,,7.0,6.0,0.0,,,0.0,8.905811072862464,0.0,6.0,2.0,0.0,,,,,0.0
588,,,,9.0,6.0,0.0,,,0.0,0.9736346332243931,0.0,7.0,2.0,1.0,,,,,0.0
589,,,,7.0,13.0,0.0,,,0.0,1.5478539001394997,0.0,3.0,1.0,0.0,,,,,0.0
590,,,,13.0,7.0,0.0,,,0.0,7.8833361576893095,0.0,5.0,1.0,2.0,,,,,0.0
591,,,,9.0,6.0,0.0,,,0.0,25.020792609677912,0.0,3.0,1.0,0.0,,,,,0.0
592,,,,4.0,1.0,0.0,,,0.0,2.626308956912145,0.0,6.0,2.0,0.0,,,,,0.0
593,,,,13.0,7.0,0.0,,,0.0,18.61001601947532,0.0,2.0,0.0,2.0,,,,,0.0
594,,,,7.0,6.0,0.0,,,0.0,6.321497577345546,0.0,6.0,2.0,0.0,,,,,0.0
595,,,,13.0,7.0,0.0,,,0.0,4.209218498530928,0.0,5.0,1.0,2.0,,,,,0.0
596,,,,13.0,7.0,0.0,,,0.0,1.581262960142452,0.0,8.0,2.0,2.0,,,,,0.0
597,,,,6.0,7.0,0.0,,,0.0,4.6692195243433865,0.0,4.0,1.0,1.0,,,,,0.0
598,,,,14.0,6.0,0.0,,,0.0,2.102068574620674,0.0,8.0,2.0,2.0,,,,,0.0
599,,,,4.0,6.0,0.0,,,0.0,1.140483711462437,0.0,3.0,1.0,0.0,,,,,0.0
600,,,,6.0,3.0,0.0,,,0.0,9.350537919726582,0.0,6.0,2.0,0.0,,,,,0.0
601,,,,6.0,3.0,0.0,,,0.0,11.190047572392954,0.0,6.0,2.0,0.0,,,,,0.0
602,,,,4.0,1.0,0.0,,,0.0,1.7536325637277508,0.0,3.0,1.0,0.0,,,,,0.0
603,,,,7.0,6.0,0.0,,,0.0,14.613748433072967,0.0,3.0,1.0,0.0,,,,,0.0
604,,,,4.0,6.0,0.0,,,0.0,4.465000801489578,0.0,6.0,2.0,0.0,,,,,0.0
605,,,,6.0,14.0,0.0,,,0.0,1.1931523041824246,0.0,8.0,2.0,2.0,,,,,0.0
606,,,,10.0,11.0,0.0,,,0.0,0.5306908870504898,0.0,5.0,1.0,2.0,,,,,0.0
607,,,,11.0,10.0,0.0,,,0.0,1.79942231104757,0.0,6.0,2.0,0.0,,,,,0.0
608,,,,11.0,8.0,0.0,,,0.0,13.098457756476664,0.0,6.0,2.0,0.0,,,,,0.0
609,,,,8.0,11.0,0.0,,,0.0,3.218301728639458,0.0,5.0,1.0,2.0,,,,,0.0
610,,,,11.0,8.0,0.0,,,0.0,7.959983211538484,0.0,7.0,2.0,1.0,,,,,0.0
611,,,,8.0,11.0,0.0,,,0.0,1.4761026289849548,0.0,5.0,1.0,2.0,,,,,0.0
612,,,,11.0,10.0,0.0,,,0.0,6.350666137026344,0.0,6.0,2.0,0.0,,,,,0.0
613,,,,11.0,8.0,0.0,,,0.0,3.864926161783833,0.0,6.0,2.0,0.0,,,,,0.0
614,,,,11.0,10.0,0.0,,,0.0,3.7964818469145385,0.0,6.0,2.0,0.0,,,,,0.0
615,,,,8.0,11.0,0.0,,,0.0,23.636401663154007,0.0,5.0,1.0,2.0,,,,,0.0
616,,,,11.0,10.0,0.0,,,0.0,0.6734682934238683,0.0,6.0,2.0,0.0,,,,,0.0
617,,,,10.0,11.0,0.0,,,0.0,8.91313981513294,0.0,6.0,2.0,0.0,,,,,0.0
618,,,,10.0,11.0,0.0,,,0.0,20.604274897860048,0.0,7.0,2.0,1.0,,,,,0.0
619,,,,11.0,8.0,0.0,,,0.0,12.056151097831084,0.0,6.0,2.0,0.0,,,,,0.0
620,,,,8.0,11.0,0.0,,,0.0,11.567052969530181,0.0,6.0,2.0,0.0,,,,,0.0
621,,,,10.0,11.0,0.0,,,0.0,5.6897261960747665,0.0,6.0,2.0,0.0,,,,,0.0
622,,,,11.0,10.0,0.0,,,0.0,4.901612176581353,0.0,4.0,1.0,1.0,,,,,0.0
623,,,,11.0,10.0,0.0,,,0.0,2.864444143926881,0.0,6.0,2.0,0.0,,,,,0.0
624,,,,11.0,10.0,0.0,,,0.0,12.53582798419948,0.0,7.0,2.0,1.0,,,,,0.0
625,,,,11.0,8.0,0.0,,,0.0,0.497500112045907,0.0,6.0,2.0,0.0,,,,,0.0
626,,,,11.0,8.0,0.0,,,0.0,0.7961873150459368,0.0,6.0,2.0,0.0,,,,,0.0
627,,,,1.0,3.0,0.0,,,0.0,0.009211155797143262,0.0,5.0,1.0,2.0,,,,,0.0
628,,,,1.0,3.0,0.0,,,0.0,4.366678725905458,0.0,7.0,2.0,1.0,,,,,0.0
629,,,,9.0,7.0,0.0,,,0.0,21.946929079958686,0.0,3.0,1.0,0.0,,,,,0.0
630,,,,7.0,9.0,0.0,,,0.0,12.417216655620345,0.0,3.0,1.0,0.0,,,,,0.0
631,,,,10.0,8.0,0.0,,,0.0,0.9887637374025277,0.0,4.0,1.0,1.0,,,,,0.0
632,,,,7.0,9.0,0.0,,,0.0,4.671791617318084,0.0,3.0,1.0,0.0,,,,,0.0
633,,,,1.0,3.0,0.0,,,0.0,7.815175267106667,0.0,6.0,2.0,0.0,,,,,0.0
634,,,,7.0,9.0,0.0,,,0.0,15.637776022253563,0.0,3.0,1.0,0.0,,,,,0.0
635,,,,8.0,10.0,0.0,,,0.0,26.445948011447673,0.0,2.0,0.0,2.0,,,,,0.0
636,,,,1.0,3.0,0.0,,,0.0,5.927492580716518,0.0,5.0,1.0,2.0,,,,,0.0
637,,,,1.0,3.0,0.0,,,0.0,6.463899520017559,0.0,0.0,0.0,0.0,,,,,0.0
638,,,,10.0,8.0,0.0,,,0.0,23.478475644358664,0.0,6.0,2.0,0.0,,,,,0.0
639,,,,3.0,1.0,0.0,,,0.0,17.56697383540189,0.0,3.0,1.0,0.0,,,,,0.0
640,,,,9.0,7.0,0.0,,,0.0,3.029596741450295,0.0,3.0,1.0,0.0,,,,,0.0
641,,,,9.0,7.0,0.0,,,0.0,6.449678889468842,0.0,1.0,0.0,1.0,,,,,0.0
642,,,,9.0,7.0,0.0,,,0.0,16.47330329403695,0.0,3.0,1.0,0.0,,,,,0.0
643,,,,10.0,8.0,0.0,,,0.0,6.9378363059719,0.0,0.0,0.0,0.0,,,,,0.0
644,,,,7.0,9.0,0.0,,,0.0,0.32335034894551956,0.0,0.0,0.0,0.0,,,,,0.0
645,,,,3.0,1.0,0.0,,,0.0,2.0133033915329728,0.0,3.0,1.0,0.0,,,,,0.0
646,,,,9.0,7.0,0.0,,,0.0,13.967244405239635,0.0,3.0,1.0,0.0,,,,,0.0
647,,,,9.0,7.0,0.0,,,0.0,12.489048384767125,0.0,3.0,1.0,0.0,,,,,0.0
648,,,,9.0,7.0,0.0,,,0.0,1.490850465946661,0.0,3.0,1.0,0.0,,,,,0.0
649,,,,8.0,10.0,0.0,,,0.0,2.721416344113809,0.0,2.0,0.0,2.0,,,,,0.0
650,,,,1.0,3.0,0.0,,,0.0,2.039063306937363,0.0,6.0,2.0,0.0,,,,,0.0
651,,,,8.0,10.0,0.0,,,0.0,6.445044129847385,0.0,2.0,0.0,2.0,,,,,0.0
652,,,,10.0,8.0,0.0,,,0.0,4.992081161440094,0.0,6.0,2.0,0.0,,,,,0.0
653,,,,10.0,8.0,0.0,,,0.0,8.273042647923182,0.0,7.0,2.0,1.0,,,,,0.0
654,,,,7.0,9.0,0.0,,,0.0,1.2297003793286132,0.0,3.0,1.0,0.0,,,,,0.0
655,,,,10.0,7.0,0.0,,,0.0,19.14205627930938,0.0,6.0,2.0,0.0,,,,,0.0
656,,,,7.0,10.0,0.0,,,0.0,0.41800401248325525,0.0,4.0,1.0,1.0,,,,,0.0
657,,,,5.0,2.0,0.0,,,0.0,4.764125751281194,0.0,3.0,1.0,0.0,,,,,0.0
658,,,,10.0,7.0,0.0,,,0.0,4.87330815804423,0.0,2.0,0.0,2.0,,,,,0.0
659,,,,2.0,5.0,0.0,,,0.0,2.5601560013472833,0.0,6.0,2.0,0.0,,,,,0.0
660,,,,10.0,7.0,0.0,,,0.0,1.0463781686649016,0.0,6.0,2.0,0.0,,,,,0.0
661,,,,5.0,8.0,0.0,,,0.0,20.16184730689292,0.0,3.0,1.0,0.0,,,,,0.0
662,,,,8.0,5.0,0.0,,,0.0,9.902668263955826,0.0,2.0,0.0,2.0,,,,,0.0
663,,,,2.0,5.0,0.0,,,0.0,11.145361020642756,0.0,6.0,2.0,0.0,,,,,0.0
664,,,,7.0,10.0,0.0,,,0.0,10.60493411796102,0.0,6.0,2.0,0.0,,,,,0.0
665,,,,4.0,3.0,0.0,,,0.0,3.227493597187251,0.0,0.0,0.0,0.0,,,,,0.0
666,,,,3.0,4.0,0.0,,,0.0,0.6987380665633842,0.0,6.0,2.0,0.0,,,,,0.0
667,,,,5.0,2.0,0.0,,,0.0,3.438529561652892,0.0,2.0,0.0,2.0,,,,,0.0
668,,,,4.0,3.0,0.0,,,0.0,5.606469468224765,0.0,6.0,2.0,0.0,,,,,0.0
669,,,,10.0,7.0,0.0,,,0.0,17.02620012231047,0.0,6.0,2.0,0.0,,,,,0.0
670,,,,5.0,2.0,0.0,,,0.0,3.665561809143418,0.0,6.0,2.0,0.0,,,,,0.0
671,,,,3.0,4.0,0.0,,,0.0,1.9543532142843378,0.0,7.0,2.0,1.0,,,,,0.0
672,,,,5.0,8.0,0.0,,,0.0,8.028142329584867,0.0,3.0,1.0,0.0,,,,,0.0
673,,,,4.0,3.0,0.0,,,0.0,13.936217261976212,0.0,6.0,2.0,0.0,,,,,0.0
674,,,,5.0,8.0,0.0,,,0.0,19.525060026934813,0.0,8.0,2.0,2.0,,,,,0.0
675,,,,10.0,7.0,0.0,,,0.0,22.995849401525515,0.0,8.0,2.0,2.0,,,,,0.0
676,,,,3.0,4.0,0.0,,,0.0,5.01184257196355,0.0,1.0,0.0,1.0,,,,,0.0
677,,,,10.0,7.0,0.0,,,0.0,13.329119261306122,0.0,6.0,2.0,0.0,,,,,0.0
678,,,,2.0,5.0,0.0,,,0.0,15.292508892022216,0.0,1.0,0.0,1.0,,,,,0.0
679,,,,8.0,5.0,0.0,,,0.0,5.7116858742997625,0.0,1.0,0.0,1.0,,,,,0.0
680,,,,5.0,2.0,0.0,,,0.0,0.41815126918829115,0.0,3.0,1.0,0.0,,,,,0.0
681,,,,5.0,2.0,0.0,,,0.0,16.120873483490797,0.0,3.0,1.0,0.0,,,,,0.0
682,,,,7.0,10.0,0.0,,,0.0,18.520126036885173,0.0,6.0,2.0,0.0,,,,,0.0
683,,,,7.0,10.0,0.0,,,0.0,14.71996211794275,0.0,6.0,2.0,0.0,,,,,0.0
684,,,,2.0,5.0,0.0,,,0.0,6.782727617895663,0.0,3.0,1.0,0.0,,,,,0.0
685,,,,2.0,5.0,0.0,,,0.0,1.5854032731333587,0.0,2.0,0.0,2.0,,,,,0.0
686,,,,7.0,10.0,0.0,,,0.0,1.6205746289466343,0.0,6.0,2.0,0.0,,,,,0.0
687,,,,10.0,7.0,0.0,,,0.0,15.851110431974782,0.0,3.0,1.0,0.0,,,,,0.0
688,,,,7.0,10.0,0.0,,,0.0,19.85282450447645,0.0,8.0,2.0,2.0,,,,,0.0
689,,,,8.0,5.0,0.0,,,0.0,13.878930576779705,0.0,2.0,0.0,2.0,,,,,0.0
690,,,,5.0,8.0,0.0,,,0.0,2.442682793171752,0.0,4.0,1.0,1.0,,,,,0.0
691,,,,4.0,3.0,0.0,,,0.0,3.2197898274429546,0.0,3.0,1.0,0.0,,,,,0.0
692,,,,10.0,7.0,0.0,,,0.0,8.2284957250659,0.0,5.0,1.0,2.0,,,,,0.0
693,,,,5.0,2.0,0.0,,,0.0,6.1230267114524715,0.0,7.0,2.0,1.0,,,,,0.0
694,,,,10.0,7.0,0.0,,,0.0,23.24093570866828,0.0,1.0,0.0,1.0,,,,,0.0
695,,,,5.0,8.0,0.0,,,0.0,0.6613214322576796,0.0,3.0,1.0,0.0,,,,,0.0
696,,,,4.0,3.0,0.0,,,0.0,4.073150185200452,0.0,6.0,2.0,0.0,,,,,0.0
697,,,,5.0,6.0,0.0,,,0.0,2.2466314068894055,0.0,3.0,1.0,0.0,,,,,0.0
698,,,,14.0,8.0,0.0,,,0.0,1.375941441654959,0.0,3.0,1.0,0.0,,,,,0.0
699,,,,14.0,8.0,0.0,,,0.0,9.195953318307017,0.0,3.0,1.0,0.0,,,,,0.0
700,,,,5.0,6.0,0.0,,,0.0,2.7701435342772425,0.0,4.0,1.0,1.0,,,,,0.0
701,,,,8.0,14.0,0.0,,,0.0,3.41676563169412,0.0,6.0,2.0,0.0,,,,,0.0
702,,,,8.0,14.0,0.0,,,0.0,4.567799113737396,0.0,2.0,0.0,2.0,,,,,0.0
703,,,,7.0,4.0,0.0,,,0.0,3.2296873881284456,0.0,6.0,2.0,0.0,,,,,0.0
704,,,,10.0,14.0,0.0,,,0.0,17.360793423520825,0.0,8.0,2.0,2.0,,,,,0.0
705,,,,8.0,14.0,0.0,,,0.0,0.9194661877295809,0.0,0.0,0.0,0.0,,,,,0.0
706,,,,7.0,4.0,0.0,,,0.0,25.413011079310955,0.0,6.0,2.0,0.0,,,,,0.0
707,,,,7.0,4.0,0.0,,,0.0,8.01479943428516,0.0,6.0,2.0,0.0,,,,,0.0
708,,,,8.0,14.0,0.0,,,0.0,6.281771065783213,0.0,1.0,0.0,1.0,,,,,0.0
709,,,,7.0,4.0,0.0,,,0.0,1.575352254367917,0.0,6.0,2.0,0.0,,,,,0.0
710,,,,7.0,4.0,0.0,,,0.0,18.281492910048165,0.0,6.0,2.0,0.0,,,,,0.0
711,,,,5.0,6.0,0.0,,,0.0,15.996798796766203,0.0,0.0,0.0,0.0,,,,,0.0
712,,,,4.0,7.0,0.0,,,0.0,17.222654695514457,0.0,6.0,2.0,0.0,,,,,0.0
713,,,,14.0,8.0,0.0,,,0.0,16.724686271257283,0.0,3.0,1.0,0.0,,,,,0.0
714,,,,4.0,7.0,0.0,,,0.0,8.068393657883101,0.0,5.0,1.0,2.0,,,,,0.0
715,,,,5.0,6.0,0.0,,,0.0,13.941051309240969,0.0,3.0,1.0,0.0,,,,,0.0
716,,,,5.0,6.0,0.0,,,0.0,9.626293126282517,0.0,3.0,1.0,0.0,,,,,0.0
717,,,,8.0,14.0,0.0,,,0.0,0.47950262717246056,0.0,2.0,0.0,2.0,,,,,0.0
718,,,,4.0,7.0,0.0,,,0.0,5.6568705762955585,0.0,6.0,2.0,0.0,,,,,0.0
719,,,,14.0,10.0,0.0,,,0.0,4.417394191035065,0.0,3.0,1.0,0.0,,,,,0.0
720,,,,6.0,5.0,0.0,,,0.0,4.250264798581597,0.0,8.0,2.0,2.0,,,,,0.0
721,,,,7.0,4.0,0.0,,,0.0,3.415343919903727,0.0,6.0,2.0,0.0,,,,,0.0
722,,,,5.0,6.0,0.0,,,0.0,23.97158108566527,0.0,3.0,1.0,0.0,,,,,0.0
723,,,,10.0,14.0,0.0,,,0.0,0.1106758709784849,0.0,6.0,2.0,0.0,,,,,0.0
724,,,,14.0,10.0,0.0,,,0.0,11.11222973025903,0.0,1.0,0.0,1.0,,,,,0.0
725,,,,4.0,7.0,0.0,,,0.0,10.25071394144525,0.0,6.0,2.0,0.0,,,,,0.0
726,,,,10.0,14.0,0.0,,,0.0,0.4370840255647848,0.0,6.0,2.0,0.0,,,,,0.0
727,,,,6.0,5.0,0.0,,,0.0,8.429662389550275,0.0,1.0,0.0,1.0,,,,,0.0
728,,,,4.0,7.0,0.0,,,0.0,27.566058538563823,0.0,6.0,2.0,0.0,,,,,0.0
729,,,,8.0,14.0,0.0,,,0.0,0.5943549779468771,0.0,2.0,0.0,2.0,,,,,0.0
730,,,,14.0,10.0,0.0,,,0.0,25.713514863805685,0.0,3.0,1.0,0.0,,,,,0.0
731,,,,6.0,5.0,0.0,,,0.0,17.63361958379368,0.0,1.0,0.0,1.0,,,,,0.0
732,,,,8.0,14.0,0.0,,,0.0,2.229646793595024,0.0,2.0,0.0,2.0,,,,,0.0
733,,,,14.0,10.0,0.0,,,0.0,3.7239464317716084,0.0,7.0,2.0,1.0,,,,,0.0
734,,,,7.0,4.0,0.0,,,0.0,1.1989853839098745,0.0,6.0,2.0,0.0,,,,,0.0
735,,,,7.0,4.0,0.0,,,0.0,7.074630547836724,0.0,6.0,2.0,0.0,,,,,0.0
736,,,,6.0,5.0,0.0,,,0.0,9.127759429905502,0.0,6.0,2.0,0.0,,,,,0.0
737,,,,5.0,6.0,0.0,,,0.0,13.984329243590059,0.0,3.0,1.0,0.0,,,,,0.0
738,,,,14.0,10.0,0.0,,,0.0,1.504841439210748,0.0,3.0,1.0,0.0,,,,,0.0
739,,,,4.0,7.0,0.0,,,0.0,5.553185224776892,0.0,5.0,1.0,2.0,,,,,0.0
740,,,,10.0,14.0,0.0,,,0.0,1.2636780059272292,0.0,2.0,0.0,2.0,,,,,0.0
741,,,,5.0,6.0,0.0,,,0.0,2.9350342175855917,0.0,4.0,1.0,1.0,,,,,0.0
742,,,,7.0,4.0,0.0,,,0.0,15.497015660882925,0.0,6.0,2.0,0.0,,,,,0.0
743,,,,1.0,2.0,0.0,,,0.0,18.49632727619628,0.0,1.0,0.0,1.0,,,,,0.0
744,,,,12.0,8.0,0.0,,,0.0,2.7228597807659076,0.0,8.0,2.0,2.0,,,,,0.0
745,,,,12.0,8.0,0.0,,,0.0,25.494211769474532,0.0,5.0,1.0,2.0,,,,,0.0
746,,,,1.0,2.0,0.0,,,0.0,7.948222633951303,0.0,2.0,0.0,2.0,,,,,0.0
747,,,,6.0,10.0,0.0,,,0.0,17.520247723616492,0.0,6.0,2.0,0.0,,,,,0.0
748,,,,8.0,13.0,0.0,,,0.0,15.679627723281047,0.0,8.0,2.0,2.0,,,,,0.0
749,,,,12.0,8.0,0.0,,,0.0,14.840582308654117,0.0,0.0,0.0,0.0,,,,,0.0
750,,,,10.0,12.0,0.0,,,0.0,10.175185030247523,0.0,5.0,1.0,2.0,,,,,0.0
751,,,,12.0,8.0,0.0,,,0.0,13.957812293543295,0.0,2.0,0.0,2.0,,,,,0.0
752,,,,2.0,1.0,0.0,,,0.0,19.138547383939414,0.0,6.0,2.0,0.0,,,,,0.0
753,,,,10.0,6.0,0.0,,,0.0,4.976934950729001,0.0,6.0,2.0,0.0,,,,,0.0
754,,,,12.0,10.0,0.0,,,0.0,1.0906332403414267,0.0,3.0,1.0,0.0,,,,,0.0
755,,,,10.0,13.0,0.0,,,0.0,0.42472229644540477,0.0,8.0,2.0,2.0,,,,,0.0
756,,,,12.0,10.0,0.0,,,0.0,3.113700517119191,0.0,6.0,2.0,0.0,,,,,0.0
757,,,,6.0,10.0,0.0,,,0.0,3.07739620077295,0.0,6.0,2.0,0.0,,,,,0.0
758,,,,13.0,10.0,0.0,,,0.0,16.954899305050112,0.0,6.0,2.0,0.0,,,,,0.0
759,,,,10.0,13.0,0.0,,,0.0,26.828608568602434,0.0,6.0,2.0,0.0,,,,,0.0
760,,,,6.0,10.0,0.0,,,0.0,1.575615969102401,0.0,6.0,2.0,0.0,,,,,0.0
761,,,,2.0,1.0,0.0,,,0.0,0.7782553621333808,0.0,0.0,0.0,0.0,,,,,0.0
762,,,,6.0,10.0,0.0,,,0.0,9.902365479654474,0.0,4.0,1.0,1.0,,,,,0.0
763,,,,8.0,12.0,0.0,,,0.0,2.7431276790945507,0.0,6.0,2.0,0.0,,,,,0.0
764,,,,8.0,12.0,0.0,,,0.0,4.386276995976363,0.0,6.0,2.0,0.0,,,,,0.0
765,,,,13.0,10.0,0.0,,,0.0,9.376806996872197,0.0,6.0,2.0,0.0,,,,,0.0
766,,,,13.0,10.0,0.0,,,0.0,20.076600124845907,0.0,6.0,2.0,0.0,,,,,0.0
767,,,,6.0,10.0,0.0,,,0.0,2.4184070496239625,0.0,3.0,1.0,0.0,,,,,0.0
768,,,,10.0,6.0,0.0,,,0.0,0.9036991952680574,0.0,6.0,2.0,0.0,,,,,0.0
769,,,,12.0,8.0,0.0,,,0.0,18.25846492619529,0.0,3.0,1.0,0.0,,,,,0.0
770,,,,12.0,10.0,0.0,,,0.0,5.334793265438703,0.0,3.0,1.0,0.0,,,,,0.0
771,,,,1.0,2.0,0.0,,,0.0,11.286280060799447,0.0,2.0,0.0,2.0,,,,,0.0
772,,,,13.0,8.0,0.0,,,0.0,3.040992318139377,0.0,3.0,1.0,0.0,,,,,0.0
773,,,,10.0,6.0,0.0,,,0.0,3.7040909353922635,0.0,6.0,2.0,0.0,,,,,0.0
774,,,,12.0,8.0,0.0,,,0.0,4.644677798647491,0.0,3.0,1.0,0.0,,,,,0.0
775,,,,10.0,6.0,0.0,,,0.0,9.504129094802057,0.0,4.0,1.0,1.0,,,,,0.0
776,,,,12.0,10.0,0.0,,,0.0,1.9740240436184866,0.0,3.0,1.0,0.0,,,,,0.0
777,,,,10.0,13.0,0.0,,,0.0,6.211077643650626,0.0,6.0,2.0,0.0,,,,,0.0
778,,,,8.0,13.0,0.0,,,0.0,7.871137627417224,0.0,2.0,0.0,2.0,,,,,0.0
779,,,,10.0,6.0,0.0,,,0.0,3.0151245200316046,0.0,6.0,2.0,0.0,,,,,0.0
780,,,,12.0,10.0,0.0,,,0.0,7.603043144342221,0.0,8.0,2.0,2.0,,,,,0.0
781,,,,12.0,8.0,0.0,,,0.0,11.18383376903672,0.0,0.0,0.0,0.0,,,,,0.0
782,,,,10.0,13.0,0.0,,,0.0,9.762087982310481,0.0,4.0,1.0,1.0,,,,,0.0
783,,,,10.0,6.0,0.0,,,0.0,6.372481949199888,0.0,4.0,1.0,1.0,,,,,0.0
784,,,,13.0,10.0,0.0,,,0.0,12.821588720540475,0.0,6.0,2.0,0.0,,,,,0.0
785,,,,8.0,12.0,0.0,,,0.0,6.430974284134336,0.0,6.0,2.0,0.0,,,,,0.0
786,,,,2.0,1.0,0.0,,,0.0,8.408069767795453,0.0,7.0,2.0,1.0,,,,,0.0
787,,,,13.0,10.0,0.0,,,0.0,26.817076018186032,0.0,2.0,0.0,2.0,,,,,0.0
788,,,,8.0,13.0,0.0,,,0.0,8.341057724264413,0.0,2.0,0.0,2.0,,,,,0.0
789,,,,2.0,1.0,0.0,,,0.0,7.36458514807011,0.0,6.0,2.0,0.0,,,,,0.0
790,,,,8.0,13.0,0.0,,,0.0,7.284999932599804,0.0,2.0,0.0,2.0,,,,,0.0
791,,,,13.0,8.0,0.0,,,0.0,3.0069293960713193,0.0,2.0,0.0,2.0,,,,,0.0
792,,,,8.0,12.0,0.0,,,0.0,17.401269265484142,0.0,3.0,1.0,0.0,,,,,0.0
793,,,,13.0,10.0,0.0,,,0.0,13.594317017149827,0.0,6.0,2.0,0.0,,,,,0.0
794,,,,8.0,13.0,0.0,,,0.0,2.0622597667592557,0.0,0.0,0.0,0.0,,,,,0.0
795,,,,10.0,6.0,0.0,,,0.0,2.3200144050107205,0.0,6.0,2.0,0.0,,,,,0.0
796,,,,6.0,10.0,0.0,,,0.0,1.273602324961744,0.0,6.0,2.0,0.0,,,,,0.0
797,,,,2.0,1.0,0.0,,,0.0,15.71643099312492,0.0,6.0,2.0,0.0,,,,,0.0
798,,,,12.0,10.0,0.0,,,0.0,20.525870144740285,0.0,3.0,1.0,0.0,,,,,0.0
799,,,,10.0,13.0,0.0,,,0.0,1.403783842945712,0.0,6.0,2.0,0.0,,,,,0.0
800,,,,13.0,8.0,0.0,,,0.0,24.180007104791066,0.0,5.0,1.0,2.0,,,,,0.0
801,,,,10.0,13.0,0.0,,,0.0,11.72360217621681,0.0,6.0,2.0,0.0,,,,,0.0
802,,,,10.0,6.0,0.0,,,0.0,12.864016995560528,0.0,6.0,2.0,0.0,,,,,0.0
803,,,,1.0,2.0,0.0,,,0.0,4.7517299140503,0.0,3.0,1.0,0.0,,,,,0.0
804,,,,8.0,12.0,0.0,,,0.0,12.538423150385887,0.0,6.0,2.0,0.0,,,,,0.0
805,,,,2.0,1.0,0.0,,,0.0,5.309841931188041,0.0,6.0,2.0,0.0,,,,,0.0
806,,,,10.0,12.0,0.0,,,0.0,1.7084907344586466,0.0,1.0,0.0,1.0,,,,,0.0
807,,,,10.0,13.0,0.0,,,0.0,5.267031662305081,0.0,8.0,2.0,2.0,,,,,0.0
808,,,,10.0,12.0,0.0,,,0.0,3.113356844498138,0.0,0.0,0.0,0.0,,,,,0.0
809,,,,12.0,8.0,0.0,,,0.0,17.535930628141806,0.0,5.0,1.0,2.0,,,,,0.0
810,,,,12.0,8.0,0.0,,,0.0,2.0936588280315704,0.0,3.0,1.0,0.0,,,,,0.0
811,,,,8.0,12.0,0.0,,,0.0,2.1952772719391906,0.0,7.0,2.0,1.0,,,,,0.0
812,,,,1.0,2.0,0.0,,,0.0,2.7190570888019967,0.0,2.0,0.0,2.0,,,,,0.0
813,,,,8.0,13.0,0.0,,,0.0,4.869239865033685,0.0,2.0,0.0,2.0,,,,,0.0
814,,,,2.0,1.0,0.0,,,0.0,19.74290343247489,0.0,6.0,2.0,0.0,,,,,0.0
815,,,,13.0,10.0,0.0,,,0.0,16.081783522139283,0.0,6.0,2.0,0.0,,,,,0.0
816,,,,10.0,6.0,0.0,,,0.0,25.984324276610213,0.0,6.0,2.0,0.0,,,,,0.0
817,,,,13.0,8.0,0.0,,,0.0,21.306870417785873,0.0,6.0,2.0,0.0,,,,,0.0
818,,,,11.0,9.0,0.0,,,0.0,11.512929710863169,0.0,6.0,2.0,0.0,,,,,0.0
819,,,,14.0,11.0,0.0,,,0.0,6.447576375464237,0.0,8.0,2.0,2.0,,,,,0.0
820,,,,9.0,11.0,0.0,,,0.0,27.68315116414622,0.0,4.0,1.0,1.0,,,,,0.0
821,,,,11.0,14.0,0.0,,,0.0,16.818170877899668,0.0,4.0,1.0,1.0,,,,,0.0
822,,,,9.0,11.0,0.0,,,0.0,27.866730905936826,0.0,5.0,1.0,2.0,,,,,0.0
823,,,,14.0,11.0,0.0,,,0.0,17.80925286917368,0.0,7.0,2.0,1.0,,,,,0.0
824,,,,14.0,11.0,0.0,,,0.0,6.9444840150960845,0.0,3.0,1.0,0.0,,,,,0.0
825,,,,14.0,11.0,0.0,,,0.0,8.544073616349003,0.0,3.0,1.0,0.0,,,,,0.0
826,,,,9.0,11.0,0.0,,,0.0,10.04147901952864,0.0,3.0,1.0,0.0,,,,,0.0
827,,,,14.0,11.0,0.0,,,0.0,5.938282801891198,0.0,7.0,2.0,1.0,,,,,0.0
828,,,,11.0,14.0,0.0,,,0.0,16.638416783181658,0.0,7.0,2.0,1.0,,,,,0.0
829,,,,11.0,9.0,0.0,,,0.0,16.999743175327673,0.0,6.0,2.0,0.0,,,,,0.0
830,,,,9.0,11.0,0.0,,,0.0,0.49286654679826986,0.0,4.0,1.0,1.0,,,,,0.0
831,,,,11.0,14.0,0.0,,,0.0,5.662571232157833,0.0,1.0,0.0,1.0,,,,,0.0
832,,,,11.0,14.0,0.0,,,0.0,2.9441736187105243,0.0,6.0,2.0,0.0,,,,,0.0
833,,,,11.0,9.0,0.0,,,0.0,10.216936311871741,0.0,6.0,2.0,0.0,,,,,0.0
834,,,,14.0,11.0,0.0,,,0.0,11.023524383122467,0.0,5.0,1.0,2.0,,,,,0.0
835,,,,14.0,11.0,0.0,,,0.0,5.576012216188165,0.0,3.0,1.0,0.0,,,,,0.0
836,,,,14.0,11.0,0.0,,,0.0,15.606717254674585,0.0,3.0,1.0,0.0,,,,,0.0
837,,,,11.0,9.0,0.0,,,0.0,12.368256471031229,0.0,6.0,2.0,0.0,,,,,0.0
838,,,,11.0,13.0,0.0,,,0.0,8.714574841226804,0.0,5.0,1.0,2.0,,,,,0.0
839,,,,13.0,11.0,0.0,,,0.0,2.1745347492852494,0.0,5.0,1.0,2.0,,,,,0.0
840,,,,8.0,7.0,0.0,,,0.0,18.634799156299742,0.0,5.0,1.0,2.0,,,,,0.0
841,,,,2.0,4.0,0.0,,,0.0,15.344667094857577,0.0,6.0,2.0,0.0,,,,,0.0
842,,,,10.0,9.0,0.0,,,0.0,0.3778246339379808,0.0,2.0,0.0,2.0,,,,,0.0
843,,,,10.0,9.0,0.0,,,0.0,3.099806661001012,0.0,7.0,2.0,1.0,,,,,0.0
844,,,,10.0,9.0,0.0,,,0.0,13.790017042448204,0.0,3.0,1.0,0.0,,,,,0.0
845,,,,7.0,8.0,0.0,,,0.0,0.6812479436781018,0.0,4.0,1.0,1.0,,,,,0.0
846,,,,8.0,9.0,0.0,,,0.0,23.04208849593597,0.0,2.0,0.0,2.0,,,,,0.0
847,,,,9.0,8.0,0.0,,,0.0,3.210615054679722,0.0,5.0,1.0,2.0,,,,,0.0
848,,,,4.0,2.0,0.0,,,0.0,23.406710997922005,0.0,7.0,2.0,1.0,,,,,0.0
849,,,,7.0,8.0,0.0,,,0.0,3.967554652288211,0.0,1.0,0.0,1.0,,,,,0.0
850,,,,7.0,8.0,0.0,,,0.0,27.79828885299493,0.0,0.0,0.0,0.0,,,,,0.0
851,,,,9.0,8.0,0.0,,,0.0,10.29461947448776,0.0,1.0,0.0,1.0,,,,,0.0
852,,,,8.0,9.0,0.0,,,0.0,5.873973972222002,0.0,2.0,0.0,2.0,,,,,0.0
853,,,,4.0,2.0,0.0,,,0.0,15.94272648602865,0.0,2.0,0.0,2.0,,,,,0.0
854,,,,9.0,8.0,0.0,,,0.0,10.360034297581748,0.0,4.0,1.0,1.0,,,,,0.0
855,,,,8.0,7.0,0.0,,,0.0,15.519941113467318,0.0,2.0,0.0,2.0,,,,,0.0
856,,,,8.0,9.0,0.0,,,0.0,0.013452088816406695,0.0,2.0,0.0,2.0,,,,,0.0
857,,,,13.0,11.0,0.0,,,0.0,0.014940044285831329,0.0,5.0,1.0,2.0,,,,,0.0
858,,,,9.0,8.0,0.0,,,0.0,5.299919091043696,0.0,8.0,2.0,2.0,,,,,0.0
859,,,,9.0,8.0,0.0,,,0.0,20.19977359543467,0.0,6.0,2.0,0.0,,,,,0.0
860,,,,8.0,9.0,0.0,,,0.0,15.493745362455414,0.0,2.0,0.0,2.0,,,,,0.0
861,,,,13.0,11.0,0.0,,,0.0,15.158946374742456,0.0,5.0,1.0,2.0,,,,,0.0
862,,,,13.0,11.0,0.0,,,0.0,16.3723863986003,0.0,5.0,1.0,2.0,,,,,0.0
863,,,,7.0,8.0,0.0,,,0.0,7.686865615222714,0.0,6.0,2.0,0.0,,,,,0.0
864,,,,4.0,2.0,0.0,,,0.0,1.7166598015939842,0.0,8.0,2.0,2.0,,,,,0.0
865,,,,7.0,8.0,0.0,,,0.0,2.6389378378793134,0.0,1.0,0.0,1.0,,,,,0.0
866,,,,7.0,8.0,0.0,,,0.0,4.872180318988125,0.0,8.0,2.0,2.0,,,,,0.0
867,,,,8.0,9.0,0.0,,,0.0,6.8798584809576395,0.0,2.0,0.0,2.0,,,,,0.0
868,,,,8.0,9.0,0.0,,,0.0,12.26611626340345,0.0,2.0,0.0,2.0,,,,,0.0
869,,,,10.0,9.0,0.0,,,0.0,4.93892949746181,0.0,3.0,1.0,0.0,,,,,0.0
870,,,,9.0,8.0,0.0,,,0.0,10.967318513624301,0.0,2.0,0.0,2.0,,,,,0.0
871,,,,10.0,9.0,0.0,,,0.0,10.50121442192496,0.0,3.0,1.0,0.0,,,,,0.0
872,,,,10.0,9.0,0.0,,,0.0,0.8184619429438543,0.0,3.0,1.0,0.0,,,,,0.0
873,,,,11.0,13.0,0.0,,,0.0,12.269344352748051,0.0,6.0,2.0,0.0,,,,,0.0
874,,,,8.0,7.0,0.0,,,0.0,2.6892037705469862,0.0,3.0,1.0,0.0,,,,,0.0
875,,,,9.0,10.0,0.0,,,0.0,21.28404010888982,0.0,4.0,1.0,1.0,,,,,0.0
876,,,,2.0,4.0,0.0,,,0.0,8.441604429995625,0.0,1.0,0.0,1.0,,,,,0.0
877,,,,9.0,8.0,0.0,,,0.0,10.395956496050818,0.0,1.0,0.0,1.0,,,,,0.0
878,,,,11.0,13.0,0.0,,,0.0,9.362073189744713,0.0,1.0,0.0,1.0,,,,,0.0
879,,,,13.0,11.0,0.0,,,0.0,20.760188042070816,0.0,7.0,2.0,1.0,,,,,0.0
880,,,,9.0,10.0,0.0,,,0.0,0.6960973113282579,0.0,3.0,1.0,0.0,,,,,0.0
881,,,,7.0,8.0,0.0,,,0.0,1.0729612754192392,0.0,2.0,0.0,2.0,,,,,0.0
882,,,,7.0,8.0,0.0,,,0.0,19.64915927344714,0.0,2.0,0.0,2.0,,,,,0.0
883,,,,8.0,9.0,0.0,,,0.0,14.329402799128603,0.0,2.0,0.0,2.0,,,,,0.0
884,,,,9.0,8.0,0.0,,,0.0,11.24987733773782,0.0,6.0,2.0,0.0,,,,,0.0
885,,,,9.0,8.0,0.0,,,0.0,5.906642014900183,0.0,6.0,2.0,0.0,,,,,0.0
886,,,,2.0,4.0,0.0,,,0.0,3.0249911221237857,0.0,1.0,0.0,1.0,,,,,0.0
887,,,,8.0,9.0,0.0,,,0.0,3.2213145410086286,0.0,2.0,0.0,2.0,,,,,0.0
888,,,,8.0,7.0,0.0,,,0.0,12.889601790634197,0.0,5.0,1.0,2.0,,,,,0.0
889,,,,7.0,5.0,0.0,,,0.0,2.283571045007924,0.0,8.0,2.0,2.0,,,,,0.0
890,,,,5.0,7.0,0.0,,,0.0,3.784572793948616,0.0,3.0,1.0,0.0,,,,,0.0
891,,,,5.0,7.0,0.0,,,0.0,20.001870913979523,0.0,3.0,1.0,0.0,,,,,0.0
892,,,,5.0,4.0,0.0,,,0.0,14.853764120384982,0.0,3.0,1.0,0.0,,,,,0.0
893,,,,7.0,5.0,0.0,,,0.0,3.2724037930387855,0.0,6.0,2.0,0.0,,,,,0.0
894,,,,12.0,11.0,0.0,,,0.0,2.998318157542062,0.0,3.0,1.0,0.0,,,,,0.0
895,,,,5.0,7.0,0.0,,,0.0,0.6808968957422267,0.0,1.0,0.0,1.0,,,,,0.0
896,,,,4.0,5.0,0.0,,,0.0,21.95108673073591,0.0,6.0,2.0,0.0,,,,,0.0
897,,,,4.0,5.0,0.0,,,0.0,3.6854544898249815,0.0,0.0,0.0,0.0,,,,,0.0
898,,,,11.0,12.0,0.0,,,0.0,0.9105326785525969,0.0,8.0,2.0,2.0,,,,,0.0
899,,,,12.0,11.0,0.0,,,0.0,2.4749438016766416,0.0,4.0,1.0,1.0,,,,,0.0
900,,,,5.0,4.0,0.0,,,0.0,6.7977744731030825,0.0,5.0,1.0,2.0,,,,,0.0
901,,,,7.0,5.0,0.0,,,0.0,2.4559890044518786,0.0,1.0,0.0,1.0,,,,,0.0
902,,,,5.0,4.0,0.0,,,0.0,10.066453973706592,0.0,5.0,1.0,2.0,,,,,0.0
903,,,,11.0,12.0,0.0,,,0.0,2.6759941854340257,0.0,6.0,2.0,0.0,,,,,0.0
904,,,,5.0,4.0,0.0,,,0.0,22.711596629089613,0.0,0.0,0.0,0.0,,,,,0.0
905,,,,12.0,11.0,0.0,,,0.0,2.536297568438484,0.0,5.0,1.0,2.0,,,,,0.0
906,,,,4.0,5.0,0.0,,,0.0,5.838678560781624,0.0,1.0,0.0,1.0,,,,,0.0
907,,,,12.0,11.0,0.0,,,0.0,8.667711626826044,0.0,3.0,1.0,0.0,,,,,0.0
908,,,,5.0,4.0,0.0,,,0.0,24.186555359916014,0.0,1.0,0.0,1.0,,,,,0.0
909,,,,5.0,7.0,0.0,,,0.0,1.33434441277902,0.0,2.0,0.0,2.0,,,,,0.0
910,,,,7.0,5.0,0.0,,,0.0,1.1996935999679494,0.0,6.0,2.0,0.0,,,,,0.0
911,,,,7.0,5.0,0.0,,,0.0,2.8812304159934063,0.0,5.0,1.0,2.0,,,,,0.0
912,,,,7.0,5.0,0.0,,,0.0,6.1320445793899925,0.0,0.0,0.0,0.0,,,,,0.0
913,,,,12.0,11.0,0.0,,,0.0,7.019626396000389,0.0,7.0,2.0,1.0,,,,,0.0
914,,,,2.0,3.0,0.0,,,0.0,13.04910289776439,0.0,2.0,0.0,2.0,,,,,0.0
915,,,,7.0,5.0,0.0,,,0.0,8.882145477294143,0.0,0.0,0.0,0.0,,,,,0.0
916,,,,5.0,7.0,0.0,,,0.0,24.741081165589915,0.0,2.0,0.0,2.0,,,,,0.0
917,,,,7.0,5.0,0.0,,,0.0,22.760838072373577,0.0,8.0,2.0,2.0,,,,,0.0
918,,,,12.0,11.0,0.0,,,0.0,14.713865401623032,0.0,1.0,0.0,1.0,,,,,0.0
919,,,,4.0,5.0,0.0,,,0.0,12.223593333783324,0.0,6.0,2.0,0.0,,,,,0.0
920,,,,4.0,5.0,0.0,,,0.0,4.851185153293038,0.0,4.0,1.0,1.0,,,,,0.0
921,,,,12.0,11.0,0.0,,,0.0,3.9211717288237784,0.0,0.0,0.0,0.0,,,,,0.0
922,,,,5.0,4.0,0.0,,,0.0,14.406313122966036,0.0,3.0,1.0,0.0,,,,,0.0
923,,,,12.0,11.0,0.0,,,0.0,1.9806422543608577,0.0,3.0,1.0,0.0,,,,,0.0
924,,,,2.0,3.0,0.0,,,0.0,0.2856552730517252,0.0,1.0,0.0,1.0,,,,,0.0
925,,,,5.0,4.0,0.0,,,0.0,4.424414496936231,0.0,6.0,2.0,0.0,,,,,0.0
926,,,,7.0,5.0,0.0,,,0.0,14.402835573301315,0.0,2.0,0.0,2.0,,,,,0.0
927,,,,4.0,5.0,0.0,,,0.0,0.9762284194184415,0.0,6.0,2.0,0.0,,,,,0.0
928,,,,4.0,5.0,0.0,,,0.0,13.862622817184375,0.0,6.0,2.0,0.0,,,,,0.0
929,,,,7.0,5.0,0.0,,,0.0,18.19326716688115,0.0,6.0,2.0,0.0,,,,,0.0
930,,,,7.0,5.0,0.0,,,0.0,17.21197879340539,0.0,6.0,2.0,0.0,,,,,0.0
931,,,,4.0,5.0,0.0,,,0.0,0.9080587191059466,0.0,6.0,2.0,0.0,,,,,0.0
932,,,,5.0,7.0,0.0,,,0.0,8.637904867552129,0.0,2.0,0.0,2.0,,,,,0.0
933,,,,11.0,12.0,0.0,,,0.0,4.562872252307469,0.0,4.0,1.0,1.0,,,,,0.0
934,,,,4.0,5.0,0.0,,,0.0,8.182830928140158,0.0,6.0,2.0,0.0,,,,,0.0
935,,,,11.0,12.0,0.0,,,0.0,27.804153939697894,0.0,6.0,2.0,0.0,,,,,0.0
936,,,,5.0,4.0,0.0,,,0.0,12.060004226284642,0.0,3.0,1.0,0.0,,,,,0.0
937,,,,2.0,3.0,0.0,,,0.0,0.11572274552951209,0.0,6.0,2.0,0.0,,,,,0.0
938,,,,2.0,3.0,0.0,,,0.0,0.08802639290654654,0.0,6.0,2.0,0.0,,,,,0.0
939,,,,2.0,3.0,0.0,,,0.0,2.7531411413988254,0.0,6.0,2.0,0.0,,,,,0.0
940,,,,5.0,4.0,0.0,,,0.0,7.279598154221421,0.0,8.0,2.0,2.0,,,,,0.0
941,,,,14.0,9.0,0.0,,,0.0,22.15657277095118,0.0,6.0,2.0,0.0,,,,,0.0
942,,,,14.0,9.0,0.0,,,0.0,2.4774279256451215,0.0,5.0,1.0,2.0,,,,,0.0
943,,,,14.0,9.0,0.0,,,0.0,4.431340206333549,0.0,2.0,0.0,2.0,,,,,0.0
944,,,,12.0,13.0,0.0,,,0.0,0.920412071822228,0.0,4.0,1.0,1.0,,,,,0.0
945,,,,14.0,9.0,0.0,,,0.0,23.216533654820555,0.0,4.0,1.0,1.0,,,,,0.0
946,,,,14.0,9.0,0.0,,,0.0,10.666340517141837,0.0,3.0,1.0,0.0,,,,,0.0
947,,,,13.0,12.0,0.0,,,0.0,12.55981113844188,0.0,4.0,1.0,1.0,,,,,0.0
948,,,,14.0,9.0,0.0,,,0.0,8.475836112705336,0.0,2.0,0.0,2.0,,,,,0.0
949,,,,14.0,9.0,0.0,,,0.0,2.469777157677738,0.0,5.0,1.0,2.0,,,,,0.0
950,,,,12.0,13.0,0.0,,,0.0,0.6262546922386838,0.0,3.0,1.0,0.0,,,,,0.0
951,,,,12.0,14.0,0.0,,,0.0,15.18729217858123,0.0,8.0,2.0,2.0,,,,,0.0
952,,,,12.0,9.0,0.0,,,0.0,0.9596388278019998,0.0,3.0,1.0,0.0,,,,,0.0
953,,,,12.0,14.0,0.0,,,0.0,18.073660715344612,0.0,3.0,1.0,0.0,,,,,0.0
954,,,,12.0,9.0,0.0,,,0.0,6.626291098950683,0.0,3.0,1.0,0.0,,,,,0.0
955,,,,13.0,9.0,0.0,,,0.0,12.685527560208959,0.0,2.0,0.0,2.0,,,,,0.0
956,,,,9.0,12.0,0.0,,,0.0,6.904539108293734,0.0,8.0,2.0,2.0,,,,,0.0
957,,,,12.0,9.0,0.0,,,0.0,3.1945981179748753,0.0,3.0,1.0,0.0,,,,,0.0
958,,,,13.0,9.0,0.0,,,0.0,2.046574045956172,0.0,2.0,0.0,2.0,,,,,0.0
959,,,,12.0,9.0,0.0,,,0.0,0.32944262729716495,0.0,3.0,1.0,0.0,,,,,0.0
960,,,,9.0,12.0,0.0,,,0.0,14.258237989751198,0.0,2.0,0.0,2.0,,,,,0.0
961,,,,9.0,12.0,0.0,,,0.0,2.1853064542386704,0.0,2.0,0.0,2.0,,,,,0.0
962,,,,13.0,9.0,0.0,,,0.0,11.385941449075474,0.0,1.0,0.0,1.0,,,,,0.0
963,,,,9.0,12.0,0.0,,,0.0,15.812560275910299,0.0,3.0,1.0,0.0,,,,,0.0
964,,,,9.0,13.0,0.0,,,0.0,0.40639732520768046,0.0,3.0,1.0,0.0,,,,,0.0
965,,,,9.0,12.0,0.0,,,0.0,23.45353429374078,0.0,6.0,2.0,0.0,,,,,0.0
966,,,,13.0,9.0,0.0,,,0.0,27.409611595235603,0.0,2.0,0.0,2.0,,,,,0.0
967,,,,12.0,9.0,0.0,,,0.0,3.5295502255914952,0.0,3.0,1.0,0.0,,,,,0.0
968,,,,9.0,12.0,0.0,,,0.0,24.836153015435915,0.0,6.0,2.0,0.0,,,,,0.0
969,,,,14.0,12.0,0.0,,,0.0,10.423636938023659,0.0,3.0,1.0,0.0,,,,,0.0
970,,,,12.0,14.0,0.0,,,0.0,2.9789419622518447,0.0,3.0,1.0,0.0,,,,,0.0
971,,,,14.0,12.0,0.0,,,0.0,1.6591520612342734,0.0,0.0,0.0,0.0,,,,,0.0
972,,,,12.0,9.0,0.0,,,0.0,1.7997457921286835,0.0,2.0,0.0,2.0,,,,,0.0
973,,,,14.0,12.0,0.0,,,0.0,4.573738649340183,0.0,8.0,2.0,2.0,,,,,0.0
974,,,,12.0,14.0,0.0,,,0.0,7.737222652222381,0.0,3.0,1.0,0.0,,,,,0.0
975,,,,9.0,13.0,0.0,,,0.0,4.894185436211346,0.0,2.0,0.0,2.0,,,,,0.0
976,,,,12.0,9.0,0.0,,,0.0,4.121946134994733,0.0,3.0,1.0,0.0,,,,,0.0
977,,,,12.0,14.0,0.0,,,0.0,1.8900480001728388,0.0,5.0,1.0,2.0,,,,,0.0
978,,,,12.0,14.0,0.0,,,0.0,8.992679870717668,0.0,3.0,1.0,0.0,,,,,0.0
979,,,,12.0,14.0,0.0,,,0.0,19.213205762487185,0.0,4.0,1.0,1.0,,,,,0.0
980,,,,12.0,14.0,0.0,,,0.0,11.168821484815911,0.0,3.0,1.0,0.0,,,,,0.0
981,,,,12.0,14.0,0.0,,,0.0,3.0301244683406408,0.0,3.0,1.0,0.0,,,,,0.0
982,,,,9.0,12.0,0.0,,,0.0,3.2494100571854734,0.0,6.0,2.0,0.0,,,,,0.0
983,,,,12.0,14.0,0.0,,,0.0,16.516090105244473,0.0,3.0,1.0,0.0,,,,,0.0
984,,,,9.0,12.0,0.0,,,0.0,3.698476060249079,0.0,2.0,0.0,2.0,,,,,0.0
985,,,,13.0,14.0,0.0,,,0.0,16.467443138365,0.0,3.0,1.0,0.0,,,,,0.0
986,,,,13.0,14.0,0.0,,,0.0,20.68620388760938,0.0,2.0,0.0,2.0,,,,,0.0
987,,,,14.0,13.0,0.0,,,0.0,15.20823546983018,0.0,3.0,1.0,0.0,,,,,0.0
988,,,,14.0,13.0,0.0,,,0.0,13.7517508100417,0.0,8.0,2.0,2.0,,,,,0.0
989,,,,14.0,13.0,0.0,,,0.0,9.061199473065376,0.0,1.0,0.0,1.0,,,,,0.0
990,,,,14.0,13.0,0.0,,,0.0,10.214942250964892,0.0,2.0,0.0,2.0,,,,,0.0
991,,,,13.0,14.0,0.0,,,0.0,7.146475669641238,0.0,2.0,0.0,2.0,,,,,0.0
992,,,,13.0,14.0,0.0,,,0.0,11.583509326710399,0.0,0.0,0.0,0.0,,,,,0.0
993,,,,14.0,13.0,0.0,,,0.0,12.9262189703248,0.0,3.0,1.0,0.0,,,,,0.0
994,,,,14.0,13.0,0.0,,,0.0,10.239809820519401,0.0,3.0,1.0,0.0,,,,,0.0
995,,,,14.0,13.0,0.0,,,0.0,0.9599982285112361,0.0,8.0,2.0,2.0,,,,,0.0
996,,,,13.0,14.0,0.0,,,0.0,22.57472471086631,0.0,2.0,0.0,2.0,,,,,0.0
997,,,,14.0,13.0,0.0,,,0.0,20.158923600824448,0.0,1.0,0.0,1.0,,,,,0.0
998,,,,14.0,13.0,0.0,,,0.0,2.931269929813771,0.0,0.0,0.0,0.0,,,,,0.0
999,,,,13.0,14.0,0.0,,,0.0,11.642075140055741,0.0,2.0,0.0,2.0,,,,,0.0
